50;1604.2;VKJP 8040;1604.2;VKJP8040;CATEGORIA0;;1;1;0;1;;KIT FOLES TRANS.;KIT FOLES TRANS.;0;;
50;1604.2;VKJP 8041;1604.2;VKJP8041;CATEGORIA0;;1;1;0;1;;KIT FOLES SKF;KIT FOLES SKF;0;;
50;1604.2;VKJP 8043;1604.2;VKJP8043;CATEGORIA0;;1;1;0;1;;KIT FOLES SKF;KIT FOLES SKF;0;;
50;1604.2;VKJP 8044;1604.2;VKJP8044;CATEGORIA0;;1;1;0;1;;KIT FOLES SKF;KIT FOLES SKF;0;;
50;1604.2;VKJP 8045;1604.2;VKJP8045;CATEGORIA0;;1;1;0;1;;KIT FOLES SKF;KIT FOLES SKF;0;;
50;1604.2;VKJP 8046;1604.2;VKJP8046;CATEGORIA0;;1;1;0;1;;KIT FOLES SKF;KIT FOLES SKF;0;;
50;1604.2;VKJP 8047;1604.2;VKJP8047;CATEGORIA0;;1;1;0;1;;KIT FOLES SKF;KIT FOLES SKF;0;;
50;1604.2;VKJP 8048;1604.2;VKJP8048;CATEGORIA0;;1;1;0;1;;KIT FOLES SKF;KIT FOLES SKF;0;;
50;1604.2;VKJP 8049;1604.2;VKJP8049;CATEGORIA0;;1;1;0;1;;KIT FOLES SKF;KIT FOLES SKF;0;;
50;1604.2;VKJP 8050;1604.2;VKJP8050;CATEGORIA0;;1;1;0;1;;KIT FOLES SKF;KIT FOLES SKF;0;;
50;1604.2;VKJP 8051;1604.2;VKJP8051;CATEGORIA0;;1;1;0;1;;KIT FOLES SKF;KIT FOLES SKF;0;;
50;1604.2;VKJP 8053;1604.2;VKJP8053;CATEGORIA0;;1;1;0;1;;KIT FOLES TERMOPLASTICO SKF;KIT FOLES TERMOPLASTICO SKF;0;;
50;1604.2;VKJP 8054;1604.2;VKJP8054;CATEGORIA0;;1;1;0;1;;KIT FOLES SKF;KIT FOLES SKF;0;;
50;1604.2;VKJP 8056;1604.2;VKJP8056;CATEGORIA0;;1;1;0;1;;KIT FOLES SKF;KIT FOLES SKF;0;;
50;1604.2;VKJP 8057;1604.2;VKJP8057;CATEGORIA0;;1;1;0;1;;KIT FOLE TRANSMISSÃO;KIT FOLE TRANSMISSÃO;0;;
50;1604.2;VKJP 8058;1604.2;VKJP8058;CATEGORIA0;;1;1;0;1;;KIT FOLES SKF;KIT FOLES SKF;0;;
50;1604.2;VKJP 8059;1604.2;VKJP8059;CATEGORIA0;;1;1;0;1;;KIT FOLES SKF;KIT FOLES SKF;0;;
50;1604.2;VKJP 8060;1604.2;VKJP8060;CATEGORIA0;;1;1;0;1;;KIT FOLES SKF;KIT FOLES SKF;0;;
50;1604.2;VKJP 8066;1604.2;VKJP8066;CATEGORIA0;;1;1;0;1;;KIT FOLES SKF;KIT FOLES SKF;0;;
50;1604.2;VKJP 8067;1604.2;VKJP8067;CATEGORIA0;;1;1;0;1;;KIT FOLES SKF;KIT FOLES SKF;0;;
50;1604.2;VKJP 8069;1604.2;VKJP8069;CATEGORIA0;;1;1;0;1;;KIT FOLES SKF;KIT FOLES SKF;0;;
50;1604.2;VKJP 8070;1604.2;VKJP8070;CATEGORIA0;;1;1;0;1;;KIT FOLES SKF;KIT FOLES SKF;0;;
50;1604.2;VKJP 8071;1604.2;VKJP8071;CATEGORIA0;;1;1;0;1;;KIT FOLES SKF;KIT FOLES SKF;0;;
50;1604.2;VKJP 8072;1604.2;VKJP8072;CATEGORIA0;;1;1;0;1;;KIT FOLES SKF;KIT FOLES SKF;0;;
50;1604.2;VKJP 8075;1604.2;VKJP8075;CATEGORIA0;;1;1;0;1;;KIT FOLES SKF;KIT FOLES SKF;0;;
50;1604.2;VKJP 8076;1604.2;VKJP8076;CATEGORIA0;;1;1;0;1;;KIT FOLES TRANS.;KIT FOLES TRANS.;0;;
50;1604.2;VKJP 8080;1604.2;VKJP8080;CATEGORIA0;;1;1;0;1;;KIT FOLES SKF;KIT FOLES SKF;0;;
50;1604.2;VKJP 8081;1604.2;VKJP8081;CATEGORIA0;;1;1;0;1;;KIT FOLES SKF;KIT FOLES SKF;0;;
50;1604.2;VKJP 8082;1604.2;VKJP8082;CATEGORIA0;;1;1;0;1;;KIT FOLES SKF;KIT FOLES SKF;0;;
50;1604.2;VKJP 8084;1604.2;VKJP8084;CATEGORIA0;;1;1;0;1;;KIT FOLES SKF;KIT FOLES SKF;0;;
50;1604.2;VKJP 8085;1604.2;VKJP8085;CATEGORIA0;;1;1;0;1;;KIT FOLES SKF;KIT FOLES SKF;0;;
50;1604.2;VKJP 8087;1604.2;VKJP8087;CATEGORIA0;;1;1;0;1;;KIT FOLES SKF;KIT FOLES SKF;0;;
50;1604.2;VKJP 8089;1604.2;VKJP8089;CATEGORIA0;;1;1;0;1;;KIT FOLES SKF;KIT FOLES SKF;0;;
50;1604.2;VKJP 8090;1604.2;VKJP8090;CATEGORIA0;;1;1;0;1;;KIT FOLE TRAM. SKF;KIT FOLE TRAM. SKF;0;;
50;1604.2;VKJP 8091;1604.2;VKJP8091;CATEGORIA0;;1;1;0;1;;KIT FOLES SKF;KIT FOLES SKF;0;;
50;1604.2;VKJP 8092;1604.2;VKJP8092;CATEGORIA0;;1;1;0;1;;KIT FOLES SKF;KIT FOLES SKF;0;;
50;1604.2;VKJP 8093;1604.2;VKJP8093;CATEGORIA0;;1;1;0;1;;KIT FOLES SKF;KIT FOLES SKF;0;;
50;1604.2;VKJP 8096;1604.2;VKJP8096;CATEGORIA0;;1;1;0;1;;KIT FOLES SKF;KIT FOLES SKF;0;;
50;1604.2;VKJP 8101;1604.2;VKJP8101;CATEGORIA0;;1;1;0;1;;KIT FOLES SKF;KIT FOLES SKF;0;;
50;1604.2;VKJP 8103;1604.2;VKJP8103;CATEGORIA0;;1;1;0;1;;KIT FOLES SKF;KIT FOLES SKF;0;;
50;1604.2;VKJP 8104;1604.2;VKJP8104;CATEGORIA0;;1;1;0;1;;KIT FOLES SKF;KIT FOLES SKF;0;;
50;1604.2;VKJP 8105;1604.2;VKJP8105;CATEGORIA0;;1;1;0;1;;KIT FOLES TERMOPLASTICO SKF;KIT FOLES TERMOPLASTICO SKF;0;;
50;1604.2;VKJP 8106;1604.2;VKJP8106;CATEGORIA0;;1;1;0;1;;KIT FOLES SKF;KIT FOLES SKF;0;;
50;1604.2;VKJP 8108;1604.2;VKJP8108;CATEGORIA0;;1;1;0;1;;KIT FOLES SKF;KIT FOLES SKF;0;;
50;1604.2;VKJP 8109;1604.2;VKJP8109;CATEGORIA0;;1;1;0;1;;KIT FOLES SKF;KIT FOLES SKF;0;;
50;1604.2;VKJP 8110;1604.2;VKJP8110;CATEGORIA0;;1;1;0;1;;KIT FOLES SKF;KIT FOLES SKF;0;;
50;1604.2;VKJP 8112;1604.2;VKJP8112;CATEGORIA0;;1;1;0;1;;KIT FOLES SKF;KIT FOLES SKF;0;;
50;1604.2;VKJP 8115;1604.2;VKJP8115;CATEGORIA0;;1;1;0;1;;KIT FOLES SKF;KIT FOLES SKF;0;;
50;1604.2;VKJP 8116;1604.2;VKJP8116;CATEGORIA0;;1;1;0;1;;KIT FOLES SKF;KIT FOLES SKF;0;;
50;1604.2;VKJP 8117;1604.2;VKJP8117;CATEGORIA0;;1;1;0;1;;KIT FOLES SKF;KIT FOLES SKF;0;;
50;1604.2;VKJP 8121;1604.2;VKJP8121;CATEGORIA0;;1;1;0;1;;KIT FOLES SKF;KIT FOLES SKF;0;;
50;1604.2;VKJP 8122;1604.2;VKJP8122;CATEGORIA0;;1;1;0;1;;KIT FOLES SKF;KIT FOLES SKF;0;;
50;1604.2;VKJP 8123;1604.2;VKJP8123;CATEGORIA0;;1;1;0;1;;KIT FOLES SKF;KIT FOLES SKF;0;;
50;1604.2;VKJP 8125;1604.2;VKJP8125;CATEGORIA0;;1;1;0;1;;KIT FOLES SKF;KIT FOLES SKF;0;;
50;1604.2;VKJP 8126;1604.2;VKJP8126;CATEGORIA0;;1;1;0;1;;KIT FOLES SKF;KIT FOLES SKF;0;;
50;1604.2;VKJP 8128;1604.2;VKJP8128;CATEGORIA0;;1;1;0;1;;KIT FOLES SKF;KIT FOLES SKF;0;;
50;1604.2;VKJP 8141;1604.2;VKJP8141;CATEGORIA0;;1;1;0;1;;KIT FOLES SKF;KIT FOLES SKF;0;;
50;1604.2;VKJP 8148;1604.2;VKJP8148;CATEGORIA0;;1;1;0;1;;KIT FOLES SKF;KIT FOLES SKF;0;;
50;1604.2;VKJP 8162;1604.2;VKJP8162;CATEGORIA0;;1;1;0;1;;KIT FOLES SKF;KIT FOLES SKF;0;;
50;1604.2;VKJP 8163;1604.2;VKJP8163;CATEGORIA0;;1;1;0;1;;KIT FOLES SKF;KIT FOLES SKF;0;;
50;1604.2;VKJP 8164;1604.2;VKJP8164;CATEGORIA0;;1;1;0;1;;KIT FOLE TRANSM.;KIT FOLE TRANSM.;0;;
50;1604.2;VKJP 8165;1604.2;VKJP8165;CATEGORIA0;;1;1;0;1;;KIT FOLES SKF;KIT FOLES SKF;0;;
50;1604.2;VKJP 8186;1604.2;VKJP8186;CATEGORIA0;;1;1;0;1;;KIT FOLES TERMOPLASTICO SKF;KIT FOLES TERMOPLASTICO SKF;0;;
50;1604.2;VKJP 8200;1604.2;VKJP8200;CATEGORIA0;;1;1;0;1;;KIT FOLES SKF;KIT FOLES SKF;0;;
50;1604.2;VKJP 8203;1604.2;VKJP8203;CATEGORIA0;;1;1;0;1;;KIT FOLES TERMOPLASTICO SKF;KIT FOLES TERMOPLASTICO SKF;0;;
50;1604.2;VKJP 8205;1604.2;VKJP8205;CATEGORIA0;;1;1;0;1;;KIT FOLES SKF;KIT FOLES SKF;0;;
50;1604.2;VKJP 8271;1604.2;VKJP8271;CATEGORIA0;;1;1;0;1;;KIT FOLES SKF;KIT FOLES SKF;0;;
50;1604.2;VKJP 8273;1604.2;VKJP8273;CATEGORIA0;;1;1;0;1;;KIT FOLE TRANSM.;KIT FOLE TRANSM.;0;;
50;1604.2;VKJP 8275;1604.2;VKJP8275;CATEGORIA0;;1;1;0;1;;KIT FOLES SKF;KIT FOLES SKF;0;;
50;1604.2;VKJP 8276;1604.2;VKJP8276;CATEGORIA0;;1;1;0;1;;KIT FOLES SKF;KIT FOLES SKF;0;;
50;1604.2;VKJP 8277;1604.2;VKJP8277;CATEGORIA0;;1;1;0;1;;KIT FOLE TRANSMISSÃO;KIT FOLE TRANSMISSÃO;0;;
50;1604.2;VKJP 8278;1604.2;VKJP8278;CATEGORIA0;;1;1;0;1;;KIT FOLES SKF;KIT FOLES SKF;0;;
50;1604.2;VKJP 8282;1604.2;VKJP8282;CATEGORIA0;;1;1;0;1;;KIT FOLES SKF;KIT FOLES SKF;0;;
50;1604.2;VKJP 8283;1604.2;VKJP8283;CATEGORIA0;;1;1;0;1;;KIT FOLES SKF;KIT FOLES SKF;0;;
50;1604.2;VKJP 8292;1604.2;VKJP8292;CATEGORIA0;;1;1;0;1;;KIT FOLES SKF;KIT FOLES SKF;0;;
50;1604.2;VKJP 8296;1604.2;VKJP8296;CATEGORIA0;;1;1;0;1;;KIT FOLES SKF;KIT FOLES SKF;0;;
50;1604.2;VKJP 8303;1604.2;VKJP8303;CATEGORIA0;;1;1;0;1;;KIT FOLES TERMOPLASTICO SKF;KIT FOLES TERMOPLASTICO SKF;0;;
50;1604.2;VKJP 8304;1604.2;VKJP8304;CATEGORIA0;;1;1;0;1;;KIT FOLES TERMOPLASTICO SKF;KIT FOLES TERMOPLASTICO SKF;0;;
50;1604.2;VKJP 8312;1604.2;VKJP8312;CATEGORIA0;;1;1;0;1;;KIT FOLES SKF;KIT FOLES SKF;0;;
50;1604.2;VKJP 8313;1604.2;VKJP8313;CATEGORIA0;;1;1;0;1;;KIT FOLES SKF;KIT FOLES SKF;0;;
50;1604.2;VKJP 8318;1604.2;VKJP8318;CATEGORIA0;;1;1;0;1;;KIT FOLES SKF;KIT FOLES SKF;0;;
50;1604.2;VKJP 8324;1604.2;VKJP8324;CATEGORIA0;;1;1;0;1;;KIT FOLE TRANSMISSÃO;KIT FOLE TRANSMISSÃO;0;;
50;1604.2;VKJP 8325;1604.2;VKJP8325;CATEGORIA0;;1;1;0;1;;FOLE TRANSMISSÃO;FOLE TRANSMISSÃO;0;;
50;1604.2;VKJP 8331;1604.2;VKJP8331;CATEGORIA0;;1;1;0;1;;KIT FOLES SKF;KIT FOLES SKF;0;;
50;1604.2;VKJP 8333;1604.2;VKJP8333;CATEGORIA0;;1;1;0;1;;KIT FOLES SKF;KIT FOLES SKF;0;;
50;1604.2;VKJP 8334;1604.2;VKJP8334;CATEGORIA0;;1;1;0;1;;KIT FOLES SKF;KIT FOLES SKF;0;;
50;1604.2;VKJP 8336;1604.2;VKJP8336;CATEGORIA0;;1;1;0;1;;KIT FOLES SKF;KIT FOLES SKF;0;;
50;1604.2;VKJP 8337;1604.2;VKJP8337;CATEGORIA0;;1;1;0;1;;KIT FOLES SKF;KIT FOLES SKF;0;;
50;1604.2;VKJP 8341;1604.2;VKJP8341;CATEGORIA0;;1;1;0;1;;KIT FOLES SKF;KIT FOLES SKF;0;;
50;1604.2;VKJP 8344;1604.2;VKJP8344;CATEGORIA0;;1;1;0;1;;KIT FOLES SKF;KIT FOLES SKF;0;;
50;1604.2;VKJP 8345;1604.2;VKJP8345;CATEGORIA0;;1;1;0;1;;KIT FOLES SKF;KIT FOLES SKF;0;;
50;1604.2;VKJP 8349;1604.2;VKJP8349;CATEGORIA0;;1;1;0;1;;KIT FOLES SKF;KIT FOLES SKF;0;;
50;1604.2;VKJP 8353;1604.2;VKJP8353;CATEGORIA0;;1;1;0;1;;KIT FOLES TERMOPLASTICO SKF;KIT FOLES TERMOPLASTICO SKF;0;;
50;1604.2;VKJP 8354;1604.2;VKJP8354;CATEGORIA0;;1;1;0;1;;KIT FOLES SKF;KIT FOLES SKF;0;;
50;1604.2;VKJP 8355;1604.2;VKJP8355;CATEGORIA0;;1;1;0;1;;KIT FOLES SKF;KIT FOLES SKF;0;;
50;1604.2;VKJP 8356;1604.2;VKJP8356;CATEGORIA0;;1;1;0;1;;KIT FOLES TERMOPLASTICO SKF;KIT FOLES TERMOPLASTICO SKF;0;;
50;1604.2;VKJP 8356 R;1604.2;VKJP8356R;CATEGORIA0;;1;1;0;1;;KIT FOLES SKF;KIT FOLES SKF;0;;
50;1604.2;VKJP 8357;1604.2;VKJP8357;CATEGORIA0;;1;1;0;1;;KIT FOLES TERMOPLASTICO SKF;KIT FOLES TERMOPLASTICO SKF;0;;
50;1604.2;VKJP 8358;1604.2;VKJP8358;CATEGORIA0;;1;1;0;1;;KIT FOLES SKF;KIT FOLES SKF;0;;
50;1604.2;VKJP 8359;1604.2;VKJP8359;CATEGORIA0;;1;1;0;1;;KIT FOLES SKF;KIT FOLES SKF;0;;
50;1604.2;VKJP 8360;1604.2;VKJP8360;CATEGORIA0;;1;1;0;1;;KIT FOLES SKF;KIT FOLES SKF;0;;
50;1604.2;VKJP 8361;1604.2;VKJP8361;CATEGORIA0;;1;1;0;1;;KIT FOLES SKF;KIT FOLES SKF;0;;
50;1604.2;VKJP 8363;1604.2;VKJP8363;CATEGORIA0;;1;1;0;1;;KIT FOLES SKF;KIT FOLES SKF;0;;
50;1604.2;VKJP 8364;1604.2;VKJP8364;CATEGORIA0;;1;1;0;1;;KIT FOLES TERMOPLASTICO SKF;KIT FOLES TERMOPLASTICO SKF;0;;
50;1604.2;VKJP 8365;1604.2;VKJP8365;CATEGORIA0;;1;1;0;1;;KIT FOLES SKF;KIT FOLES SKF;0;;
50;1604.2;VKJP 8367;1604.2;VKJP8367;CATEGORIA0;;1;1;0;1;;KIT FOLES SKF;KIT FOLES SKF;0;;
50;1604.2;VKJP 8368;1604.2;VKJP8368;CATEGORIA0;;1;1;0;1;;KIT FOLES TERMOPLASTICO SKF;KIT FOLES TERMOPLASTICO SKF;0;;
50;1604.2;VKJP 8369;1604.2;VKJP8369;CATEGORIA0;;1;1;0;1;;KIT FOLES SKF;KIT FOLES SKF;0;;
50;1604.2;VKJP 8370;1604.2;VKJP8370;CATEGORIA0;;1;1;0;1;;KIT FOLES SKF;KIT FOLES SKF;0;;
50;1604.2;VKJP 8371;1604.2;VKJP8371;CATEGORIA0;;1;1;0;1;;KIT FOLES SKF;KIT FOLES SKF;0;;
50;1604.2;VKJP 8373;1604.2;VKJP8373;CATEGORIA0;;1;1;0;1;;KIT FOLES SKF;KIT FOLES SKF;0;;
50;1604.2;VKJP 8383;1604.2;VKJP8383;CATEGORIA0;;1;1;0;1;;KIT FOLES SKF;KIT FOLES SKF;0;;
50;1604.2;VKJP 8384;1604.2;VKJP8384;CATEGORIA0;;1;1;0;1;;KIT FOLES SKF;KIT FOLES SKF;0;;
50;1604.2;VKJP 8385;1604.2;VKJP8385;CATEGORIA0;;1;1;0;1;;KIT FOLES SKF;KIT FOLES SKF;0;;
50;1604.2;VKJP 8386;1604.2;VKJP8386;CATEGORIA0;;1;1;0;1;;KIT FOLES SKF;KIT FOLES SKF;0;;
50;1604.2;VKJP 8388;1604.2;VKJP8388;CATEGORIA0;;1;1;0;1;;KIT FOLES SKF;KIT FOLES SKF;0;;
50;1604.2;VKJP 8390;1604.2;VKJP8390;CATEGORIA0;;1;1;0;1;;KIT FOLE TRANSM.;KIT FOLE TRANSM.;0;;
50;1604.2;VKJP 8394;1604.2;VKJP8394;CATEGORIA0;;1;1;0;1;;KIT FOLES SKF;KIT FOLES SKF;0;;
50;1604.2;VKJP 8395;1604.2;VKJP8395;CATEGORIA0;;1;1;0;1;;KIT FOLES SKF;KIT FOLES SKF;0;;
50;1604.2;VKJP 8401;1604.2;VKJP8401;CATEGORIA0;;1;1;0;1;;KIT FOLES SKF;KIT FOLES SKF;0;;
50;1604.2;VKJP 8403;1604.2;VKJP8403;CATEGORIA0;;1;1;0;1;;KIT FOLES SKF;KIT FOLES SKF;0;;
50;1604.2;VKJP 8406;1604.2;VKJP8406;CATEGORIA0;;1;1;0;1;;KIT FOLES SKF;KIT FOLES SKF;0;;
50;1604.2;VKJP 8407;1604.2;VKJP8407;CATEGORIA0;;1;1;0;1;;KIT FOLES SKF;KIT FOLES SKF;0;;
50;1604.2;VKJP 8433;1604.2;VKJP8433;CATEGORIA0;;1;1;0;1;;KIT FOLES SKF;KIT FOLES SKF;0;;
50;1604.2;VKJP 8451;1604.2;VKJP8451;CATEGORIA0;;1;1;0;1;;KIT FOLES SKF;KIT FOLES SKF;0;;
50;1604.2;VKJP 8452;1604.2;VKJP8452;CATEGORIA0;;1;1;0;1;;KIT FOLES SKF;KIT FOLES SKF;0;;
50;1604.2;VKJP 8453;1604.2;VKJP8453;CATEGORIA0;;1;1;0;1;;KIT FOLES SKF;KIT FOLES SKF;0;;
50;1604.2;VKJP 8468;1604.2;VKJP8468;CATEGORIA0;;1;1;0;1;;KIT FOLES SKF;KIT FOLES SKF;0;;
50;1604.2;VKJP 8477;1604.2;VKJP8477;CATEGORIA0;;1;1;0;1;;KIT FOLES SKF;KIT FOLES SKF;0;;
50;1604.2;VKJP 8491;1604.2;VKJP8491;CATEGORIA0;;1;1;0;1;;KIT FOLES SKF;KIT FOLES SKF;0;;
50;1604.2;VKJP 8492;1604.2;VKJP8492;CATEGORIA0;;1;1;0;1;;KIT FOLES SKF;KIT FOLES SKF;0;;
50;1604.2;VKJP 8527;1604.2;VKJP8527;CATEGORIA0;;1;1;0;1;;KIT FOLES TERMOPLASTICO SKF;KIT FOLES TERMOPLASTICO SKF;0;;
50;1604.2;VKJP 8534;1604.2;VKJP8534;CATEGORIA0;;1;1;0;1;;KIT FOLES SKF;KIT FOLES SKF;0;;
50;1604.2;VKJP 8603;1604.2;VKJP8603;CATEGORIA0;;1;1;0;1;;KIT FOLES TERMOPLASTICO SKF;KIT FOLES TERMOPLASTICO SKF;0;;
50;1604.2;VKJP 8606;1604.2;VKJP8606;CATEGORIA0;;1;1;0;1;;KIT FOLES TERMOPLASTICO SKF;KIT FOLES TERMOPLASTICO SKF;0;;
50;1604.2;VKJP 9001;1604.2;VKJP9001;CATEGORIA0;;1;1;0;1;;PACK FOLES TRANS. SKF (2);PACK FOLES TRANS. SKF (2);0;;
50;1604.2;VKJP 90015;1604.2;VKJP90015;CATEGORIA0;;1;1;0;1;;KIT FOLES SKF;KIT FOLES SKF;0;;
50;1604.2;VKJP 9002;1604.2;VKJP9002;CATEGORIA0;;1;1;0;1;;PACK FOLES TRANS. SKF (2);PACK FOLES TRANS. SKF (2);0;;
50;1604.2;VKJP 9003;1604.2;VKJP9003;CATEGORIA0;;1;1;0;1;;PACK FOLES TRANS. SKF (2);PACK FOLES TRANS. SKF (2);0;;
50;1604.2;VKJP 9004;1604.2;VKJP9004;CATEGORIA0;;1;1;0;1;;PACK FOLES TRANS. SKF (2);PACK FOLES TRANS. SKF (2);0;;
50;1604.2;VKJP 9005;1604.2;VKJP9005;CATEGORIA0;;1;1;0;1;;KIT FOLES SKF;KIT FOLES SKF;0;;
50;1604.2;VKJPG 01000;1604.2;VKJPG01000;CATEGORIA0;;1;1;0;1;;PACK FOLES UNIVERSAIS (12);PACK FOLES UNIVERSAIS (12);0;;
50;1604.2;VKJPG 01001;1604.2;VKJPG01001;CATEGORIA0;;1;1;0;1;;KIT FOLES UNIVERSAIS;KIT FOLES UNIVERSAIS;0;;
50;1604.7;VKM 03100;1604.7;VKM03100;CATEGORIA0;;1;1;0;1;;ROLAMENTO ALTERNADOR;ROLAMENTO ALTERNADOR;0;;
50;1604.7;VKM 03101;1604.7;VKM03101;CATEGORIA0;;1;1;0;1;;TENSOR SKF;TENSOR SKF;0;;
50;1604.7;VKM 03102;1604.7;VKM03102;CATEGORIA0;;1;1;0;1;;ROLAMENTO DISTRIBUIÇÃO;ROLAMENTO DISTRIBUIÇÃO;0;;
50;1604.7;VKM 03106;1604.7;VKM03106;CATEGORIA0;;1;1;0;1;;ROLAMENTO DISTRIBUIÇÃO;ROLAMENTO DISTRIBUIÇÃO;0;;
50;1604.7;VKM 03107;1604.7;VKM03107;CATEGORIA0;;1;1;0;1;;ROLAMENTO DISTRIBUIÇÃO;ROLAMENTO DISTRIBUIÇÃO;0;;
50;1604.7;VKM 03109;1604.7;VKM03109;CATEGORIA0;;1;1;0;1;;TENSOR SKF;TENSOR SKF;0;;
50;1604.7;VKM 03110;1604.7;VKM03110;CATEGORIA0;;1;1;0;1;;TENSOR SKF;TENSOR SKF;0;;
50;1604.7;VKM 03111;1604.7;VKM03111;CATEGORIA0;;1;1;0;1;;TENSOR SKF;TENSOR SKF;0;;
50;1604.7;VKM 03112;1604.7;VKM03112;CATEGORIA0;;1;1;0;1;;ROLAMENTO DISTRIBUIÇÃO;ROLAMENTO DISTRIBUIÇÃO;0;;
50;1604.7;VKM 03114;1604.7;VKM03114;CATEGORIA0;;1;1;0;1;;TENSOR SKF;TENSOR SKF;0;;
50;1604.7;VKM 03115;1604.7;VKM03115;CATEGORIA0;;1;1;0;1;;TENSOR SKF;TENSOR SKF;0;;
50;1604.7;VKM 03117;1604.7;VKM03117;CATEGORIA0;;1;1;0;1;;TENSOR SKF;TENSOR SKF;0;;
50;1604.7;VKM 03118;1604.7;VKM03118;CATEGORIA0;;1;1;0;1;;TENSOR SKF;TENSOR SKF;0;;
50;1604.7;VKM 03124;1604.7;VKM03124;CATEGORIA0;;1;1;0;1;;TENSOR SKF;TENSOR SKF;0;;
50;1604.7;VKM 03129;1604.7;VKM03129;CATEGORIA0;;1;1;0;1;;TENSOR SKF;TENSOR SKF;0;;
50;1604.7;VKM 03200;1604.7;VKM03200;CATEGORIA0;;1;1;0;1;;TENSOR SKF;TENSOR SKF;0;;
50;1604.7;VKM 03201;1604.7;VKM03201;CATEGORIA0;;1;1;0;1;;TENSOR SKF;TENSOR SKF;0;;
50;1604.7;VKM 03202;1604.7;VKM03202;CATEGORIA0;;1;1;0;1;;TENSOR SKF;TENSOR SKF;0;;
50;1604.7;VKM 03203;1604.7;VKM03203;CATEGORIA0;;1;1;0;1;;TENSOR SKF;TENSOR SKF;0;;
50;1604.7;VKM 03204;1604.7;VKM03204;CATEGORIA0;;1;1;0;1;;ROLAMENTO DISTRIBUIÇÃO;ROLAMENTO DISTRIBUIÇÃO;0;;
50;1604.7;VKM 03206;1604.7;VKM03206;CATEGORIA0;;1;1;0;1;;TENSOR SKF;TENSOR SKF;0;;
50;1604.7;VKM 03207;1604.7;VKM03207;CATEGORIA0;;1;1;0;1;;ROLAMENTO DISTRIBUIÇÃO;ROLAMENTO DISTRIBUIÇÃO;0;;
50;1604.7;VKM 03208;1604.7;VKM03208;CATEGORIA0;;1;1;0;1;;TENSOR SKF;TENSOR SKF;0;;
50;1604.7;VKM 03209;1604.7;VKM03209;CATEGORIA0;;1;1;0;1;;TENSOR SKF;TENSOR SKF;0;;
50;1604.7;VKM 03210;1604.7;VKM03210;CATEGORIA0;;1;1;0;1;;TENSOR SKF;TENSOR SKF;0;;
50;1604.7;VKM 03211;1604.7;VKM03211;CATEGORIA0;;1;1;0;1;;TENSOR SKF;TENSOR SKF;0;;
50;1604.7;VKM 03300;1604.7;VKM03300;CATEGORIA0;;1;1;0;1;;POLIE ALTERNADOR;POLIE ALTERNADOR;0;;
50;1604.7;VKM 03301;1604.7;VKM03301;CATEGORIA0;;1;1;0;1;;TENSOR SKF;TENSOR SKF;0;;
50;1604.7;VKM 03302;1604.7;VKM03302;CATEGORIA0;;1;1;0;1;;ROLAMENTO DISTRIBUIÇÃO;ROLAMENTO DISTRIBUIÇÃO;0;;
50;1604.7;VKM 03303;1604.7;VKM03303;CATEGORIA0;;1;1;0;1;;TENSOR SKF;TENSOR SKF;0;;
50;1604.7;VKM 03304;1604.7;VKM03304;CATEGORIA0;;1;1;0;1;;TENSOR SKF;TENSOR SKF;0;;
50;1604.7;VKM 03305;1604.7;VKM03305;CATEGORIA0;;1;1;0;1;;ROLAMENTO DISTRIBUIÇÃO;ROLAMENTO DISTRIBUIÇÃO;0;;
50;1604.7;VKM 03306;1604.7;VKM03306;CATEGORIA0;;1;1;0;1;;TENSOR SKF;TENSOR SKF;0;;
50;1604.7;VKM 03307;1604.7;VKM03307;CATEGORIA0;;1;1;0;1;;ROLAMENTO DISTRIBUIÇÃO;ROLAMENTO DISTRIBUIÇÃO;0;;
50;1604.7;VKM 03308;1604.7;VKM03308;CATEGORIA0;;1;1;0;1;;TENSOR SKF;TENSOR SKF;0;;
50;1604.7;VKM 03309;1604.7;VKM03309;CATEGORIA0;;1;1;0;1;;TENSOR SKF;TENSOR SKF;0;;
50;1604.7;VKM 03401;1604.7;VKM03401;CATEGORIA0;;1;1;0;1;;TENSOR SKF;TENSOR SKF;0;;
50;1604.7;VKM 03402;1604.7;VKM03402;CATEGORIA0;;1;1;0;1;;TENSOR SKF;TENSOR SKF;0;;
50;1604.7;VKM 03403;1604.7;VKM03403;CATEGORIA0;;1;1;0;1;;ROLAMENTO DISTRIBUIÇÃO;ROLAMENTO DISTRIBUIÇÃO;0;;
50;1604.7;VKM 03404;1604.7;VKM03404;CATEGORIA0;;1;1;0;1;;TENSOR SKF;TENSOR SKF;0;;
50;1604.7;VKM 03405;1604.7;VKM03405;CATEGORIA0;;1;1;0;1;;ROLAMENTO DISTRIBUIÇÃO;ROLAMENTO DISTRIBUIÇÃO;0;;
50;1604.7;VKM 03406;1604.7;VKM03406;CATEGORIA0;;1;1;0;1;;TENSOR SKF;TENSOR SKF;0;;
50;1604.7;VKM 03407;1604.7;VKM03407;CATEGORIA0;;1;1;0;1;;TENSOR SKF;TENSOR SKF;0;;
50;1604.7;VKM 03408;1604.7;VKM03408;CATEGORIA0;;1;1;0;1;;TENSOR SKF;TENSOR SKF;0;;
50;1604.7;VKM 03410;1604.7;VKM03410;CATEGORIA0;;1;1;0;1;;TENSOR SKF;TENSOR SKF;0;;
50;1604.7;VKM 03411;1604.7;VKM03411;CATEGORIA0;;1;1;0;1;;TENSOR SKF;TENSOR SKF;0;;
50;1604.7;VKM 03412;1604.7;VKM03412;CATEGORIA0;;1;1;0;1;;TENSOR SKF;TENSOR SKF;0;;
50;1604.7;VKM 03500;1604.7;VKM03500;CATEGORIA0;;1;1;0;1;;TENSOR SKF;TENSOR SKF;0;;
50;1604.7;VKM 03503;1604.7;VKM03503;CATEGORIA0;;1;1;0;1;;ROLAMENTO ALTERNADOR;ROLAMENTO ALTERNADOR;0;;
50;1604.7;VKM 03505;1604.7;VKM03505;CATEGORIA0;;1;1;0;1;;TENSOR SKF;TENSOR SKF;0;;
50;1604.7;VKM 03508;1604.7;VKM03508;CATEGORIA0;;1;1;0;1;;TENSOR SKF;TENSOR SKF;0;;
50;1604.7;VKM 03509;1604.7;VKM03509;CATEGORIA0;;1;1;0;1;;ROLAMENTO ALTERNADOR;ROLAMENTO ALTERNADOR;0;;
50;1604.7;VKM 03511;1604.7;VKM03511;CATEGORIA0;;1;1;0;1;;TENSOR SKF;TENSOR SKF;0;;
50;1604.7;VKM 03512;1604.7;VKM03512;CATEGORIA0;;1;1;0;1;;TENSOR SKF;TENSOR SKF;0;;
50;1604.7;VKM 03515;1604.7;VKM03515;CATEGORIA0;;1;1;0;1;;TENSOR SKF;TENSOR SKF;0;;
50;1604.7;VKM 03516;1604.7;VKM03516;CATEGORIA0;;1;1;0;1;;TENSOR SKF;TENSOR SKF;0;;
50;1604.7;VKM 03517;1604.7;VKM03517;CATEGORIA0;;1;1;0;1;;TENSOR SKF;TENSOR SKF;0;;
50;1604.7;VKM 03518;1604.7;VKM03518;CATEGORIA0;;1;1;0;1;;TENSOR SKF;TENSOR SKF;0;;
50;1604.7;VKM 03600;1604.7;VKM03600;CATEGORIA0;;1;1;0;1;;TENSOR SKF;TENSOR SKF;0;;
50;1604.7;VKM 03601;1604.7;VKM03601;CATEGORIA0;;1;1;0;1;;TENSOR SKF;TENSOR SKF;0;;
50;1604.7;VKM 03602;1604.7;VKM03602;CATEGORIA0;;1;1;0;1;;TENSOR SKF;TENSOR SKF;0;;
50;1604.7;VKM 03603;1604.7;VKM03603;CATEGORIA0;;1;1;0;1;;TENSOR SKF;TENSOR SKF;0;;
50;1604.7;VKM 03604;1604.7;VKM03604;CATEGORIA0;;1;1;0;1;;TENSOR SKF;TENSOR SKF;0;;
50;1604.7;VKM 03608;1604.7;VKM03608;CATEGORIA0;;1;1;0;1;;POLIE ALTERNADOR;POLIE ALTERNADOR;0;;
50;1604.7;VKM 03609;1604.7;VKM03609;CATEGORIA0;;1;1;0;1;;TENSOR SKF;TENSOR SKF;0;;
50;1604.7;VKM 03610;1604.7;VKM03610;CATEGORIA0;;1;1;0;1;;ROLAMENTO DISTRIBUIÇÃO;ROLAMENTO DISTRIBUIÇÃO;0;;
50;1604.7;VKM 03611;1604.7;VKM03611;CATEGORIA0;;1;1;0;1;;ROLAMENTO ALTERNADOR;ROLAMENTO ALTERNADOR;0;;
50;1604.7;VKM 03612;1604.7;VKM03612;CATEGORIA0;;1;1;0;1;;ROLAMENTO ALTER. VULCANIZADA;ROLAMENTO ALTER. VULCANIZADA;0;;
50;1604.7;VKM 03613;1604.7;VKM03613;CATEGORIA0;;1;1;0;1;;TENSOR SKF;TENSOR SKF;0;;
50;1604.7;VKM 03651;1604.7;VKM03651;CATEGORIA0;;1;1;0;1;;TENSOR SKF;TENSOR SKF;0;;
50;1604.7;VKM 03652;1604.7;VKM03652;CATEGORIA0;;1;1;0;1;;TENSOR SKF;TENSOR SKF;0;;
50;1604.7;VKM 03653;1604.7;VKM03653;CATEGORIA0;;1;1;0;1;;TENSOR SKF;TENSOR SKF;0;;
50;1604.7;VKM 03654;1604.7;VKM03654;CATEGORIA0;;1;1;0;1;;TENSOR SKF;TENSOR SKF;0;;
50;1604.7;VKM 03655;1604.7;VKM03655;CATEGORIA0;;1;1;0;1;;TENSOR SKF;TENSOR SKF;0;;
50;1604.7;VKM 03656;1604.7;VKM03656;CATEGORIA0;;1;1;0;1;;TENSOR SKF;TENSOR SKF;0;;
50;1604.7;VKM 03657;1604.7;VKM03657;CATEGORIA0;;1;1;0;1;;TENSOR SKF;TENSOR SKF;0;;
50;1604.7;VKM 03658;1604.7;VKM03658;CATEGORIA0;;1;1;0;1;;TENSOR SKF;TENSOR SKF;0;;
50;1604.7;VKM 03801;1604.7;VKM03801;CATEGORIA0;;1;1;0;1;;TENSOR SKF;TENSOR SKF;0;;
50;1604.7;VKM 03810;1604.7;VKM03810;CATEGORIA0;;1;1;0;1;;TENSOR SKF;TENSOR SKF;0;;
50;1604.7;VKM 03814;1604.7;VKM03814;CATEGORIA0;;1;1;0;1;;ROLAMENTO DISTRIBUIÇÃO;ROLAMENTO DISTRIBUIÇÃO;0;;
50;1604.7;VKM 03815;1604.7;VKM03815;CATEGORIA0;;1;1;0;1;;TENSOR SKF;TENSOR SKF;0;;
50;1604.7;VKM 03819;1604.7;VKM03819;CATEGORIA0;;1;1;0;1;;TENSOR SKF;TENSOR SKF;0;;
50;1604.7;VKM 03820;1604.7;VKM03820;CATEGORIA0;;1;1;0;1;;TENSOR SKF;TENSOR SKF;0;;
50;1604.7;VKM 03821;1604.7;VKM03821;CATEGORIA0;;1;1;0;1;;TENSOR SKF;TENSOR SKF;0;;
50;1604.7;VKM 03822;1604.7;VKM03822;CATEGORIA0;;1;1;0;1;;TENSOR SKF;TENSOR SKF;0;;
50;1604.7;VKM 03823;1604.7;VKM03823;CATEGORIA0;;1;1;0;1;;ROLAMENTO DISTRIBUIÇÃO;ROLAMENTO DISTRIBUIÇÃO;0;;
50;1604.7;VKM 03824;1604.7;VKM03824;CATEGORIA0;;1;1;0;1;;ROLAMENTO DISTRIBUIÇÃO;ROLAMENTO DISTRIBUIÇÃO;0;;
50;1604.7;VKM 03826;1604.7;VKM03826;CATEGORIA0;;1;1;0;1;;ROLAMENTO DISTRIBUIÇÃO;ROLAMENTO DISTRIBUIÇÃO;0;;
50;1604.7;VKM 03827;1604.7;VKM03827;CATEGORIA0;;1;1;0;1;;TENSOR SKF;TENSOR SKF;0;;
50;1604.7;VKM 03828;1604.7;VKM03828;CATEGORIA0;;1;1;0;1;;ROLAMENTO DISTRIBUIÇÃO;ROLAMENTO DISTRIBUIÇÃO;0;;
50;1604.7;VKM 03829;1604.7;VKM03829;CATEGORIA0;;1;1;0;1;;TENSOR SKF;TENSOR SKF;0;;
50;1604.7;VKM 03830;1604.7;VKM03830;CATEGORIA0;;1;1;0;1;;TENSOR SKF;TENSOR SKF;0;;
50;1604.7;VKM 03831;1604.7;VKM03831;CATEGORIA0;;1;1;0;1;;TENSOR SKF;TENSOR SKF;0;;
50;1604.7;VKM 03832;1604.7;VKM03832;CATEGORIA0;;1;1;0;1;;TENSOR SKF;TENSOR SKF;0;;
50;1604.7;VKM 03833;1604.7;VKM03833;CATEGORIA0;;1;1;0;1;;TENSOR SKF;TENSOR SKF;0;;
50;1604.7;VKM 03835;1604.7;VKM03835;CATEGORIA0;;1;1;0;1;;TENSOR SKF;TENSOR SKF;0;;
50;1604.7;VKM 03836;1604.7;VKM03836;CATEGORIA0;;1;1;0;1;;TENSOR SKF;TENSOR SKF;0;;
50;1604.7;VKM 03842;1604.7;VKM03842;CATEGORIA0;;1;1;0;1;;TENSOR SKF;TENSOR SKF;0;;
50;1604.7;VKM 03850;1604.7;VKM03850;CATEGORIA0;;1;1;0;1;;TENSOR SKF;TENSOR SKF;0;;
50;1604.7;VKM 03870;1604.7;VKM03870;CATEGORIA0;;1;1;0;1;;TENSOR SKF;TENSOR SKF;0;;
50;1604.7;VKM 03871;1604.7;VKM03871;CATEGORIA0;;1;1;0;1;;TENSOR SKF;TENSOR SKF;0;;
50;1604.7;VKM 03872;1604.7;VKM03872;CATEGORIA0;;1;1;0;1;;TENSOR SKF;TENSOR SKF;0;;
50;1604.7;VKM 03880;1604.7;VKM03880;CATEGORIA0;;1;1;0;1;;TENSOR SKF;TENSOR SKF;0;;
50;1604.7;VKM 03881;1604.7;VKM03881;CATEGORIA0;;1;1;0;1;;TENSOR SKF;TENSOR SKF;0;;
50;1604.7;VKM 06100;1604.7;VKM06100;CATEGORIA0;;1;1;0;1;;ROLAMENTO ALTERNADOR;ROLAMENTO ALTERNADOR;0;;
50;1604.7;VKM 06102;1604.7;VKM06102;CATEGORIA0;;1;1;0;1;;TENSOR SKF;TENSOR SKF;0;;
50;1604.7;VKM 06106;1604.7;VKM06106;CATEGORIA0;;1;1;0;1;;TENSOR SKF;TENSOR SKF;0;;
50;1604.7;VKM 06110;1604.7;VKM06110;CATEGORIA0;;1;1;0;1;;TENSOR SKF;TENSOR SKF;0;;
50;1604.7;VKM 06113;1604.7;VKM06113;CATEGORIA0;;1;1;0;1;;TENSOR SKF;TENSOR SKF;0;;
50;1604.7;VKM 06115;1604.7;VKM06115;CATEGORIA0;;1;1;0;1;;TENSOR SKF;TENSOR SKF;0;;
50;1604.7;VKM 06203;1604.7;VKM06203;CATEGORIA0;;1;1;0;1;;TENSOR SKF;TENSOR SKF;0;;
50;1604.7;VKM 06301;1604.7;VKM06301;CATEGORIA0;;1;1;0;1;;TENSOR SKF;TENSOR SKF;0;;
50;1604.7;VKM 06403;1604.7;VKM06403;CATEGORIA0;;1;1;0;1;;ROLAMENTO DISTRIBUIÇÃO;ROLAMENTO DISTRIBUIÇÃO;0;;
50;1604.7;VKM 06406;1604.7;VKM06406;CATEGORIA0;;1;1;0;1;;TENSOR SKF;TENSOR SKF;0;;
50;1604.7;VKM 06408;1604.7;VKM06408;CATEGORIA0;;1;1;0;1;;TENSOR SKF;TENSOR SKF;0;;
50;1604.7;VKM 06501;1604.7;VKM06501;CATEGORIA0;;1;1;0;1;;TENSOR SKF;TENSOR SKF;0;;
50;1604.7;VKM 06502;1604.7;VKM06502;CATEGORIA0;;1;1;0;1;;TENSOR SKF;TENSOR SKF;0;;
50;1604.7;VKM 06505;1604.7;VKM06505;CATEGORIA0;;1;1;0;1;;TENSOR SKF;TENSOR SKF;0;;
50;1604.7;VKM 06506;1604.7;VKM06506;CATEGORIA0;;1;1;0;1;;TENSOR SKF;TENSOR SKF;0;;
50;1604.7;VKM 06509;1604.7;VKM06509;CATEGORIA0;;1;1;0;1;;TENSOR SKF;TENSOR SKF;0;;
50;1604.7;VKM 06800;1604.7;VKM06800;CATEGORIA0;;1;1;0;1;;TENSOR SKF;TENSOR SKF;0;;
50;1604.7;VKM 11000;1604.7;VKM11000;CATEGORIA0;;1;1;0;1;;TENSOR SKF;TENSOR SKF;0;;
50;1604.7;VKM 11001;1604.7;VKM11001;CATEGORIA0;;1;1;0;1;;TENSOR SKF;TENSOR SKF;0;;
50;1604.7;VKM 11003;1604.7;VKM11003;CATEGORIA0;;1;1;0;1;;TENSOR SKF;TENSOR SKF;0;;
50;1604.7;VKM 11004;1604.7;VKM11004;CATEGORIA0;;1;1;0;1;;ROLAMENTO DISTRIBUIÇÃO;ROLAMENTO DISTRIBUIÇÃO;0;;
50;1604.7;VKM 11008;1604.7;VKM11008;CATEGORIA0;;1;1;0;1;;TENSOR SKF;TENSOR SKF;0;;
50;1604.7;VKM 11009;1604.7;VKM11009;CATEGORIA0;;1;1;0;1;;TENSOR SKF;TENSOR SKF;0;;
50;1604.7;VKM 11010;1604.7;VKM11010;CATEGORIA0;;1;1;0;1;;ROLAMENTO DISTR.(+);ROLAMENTO DISTR.(+);0;;
50;1604.7;VKM 11012;1604.7;VKM11012;CATEGORIA0;;1;1;0;1;;TENSOR SKF;TENSOR SKF;0;;
50;1604.7;VKM 11014;1604.7;VKM11014;CATEGORIA0;;1;1;0;1;;ROLAMENTO DISTRIBUIÇÃO;ROLAMENTO DISTRIBUIÇÃO;0;;
50;1604.7;VKM 11015;1604.7;VKM11015;CATEGORIA0;;1;1;0;1;;TENSOR SKF;TENSOR SKF;0;;
50;1604.7;VKM 11018;1604.7;VKM11018;CATEGORIA0;;1;1;0;1;;TENSOR SKF;TENSOR SKF;0;;
50;1604.7;VKM 11020;1604.7;VKM11020;CATEGORIA0;;1;1;0;1;;ROLAMENTO DISTRIBUIÇÃO;ROLAMENTO DISTRIBUIÇÃO;0;;
50;1604.7;VKM 11021;1604.7;VKM11021;CATEGORIA0;;1;1;0;1;;TENSOR SKF;TENSOR SKF;0;;
50;1604.7;VKM 11050;1604.7;VKM11050;CATEGORIA0;;1;1;0;1;;TENSOR SKF;TENSOR SKF;0;;
50;1604.7;VKM 11054;1604.7;VKM11054;CATEGORIA0;;1;1;0;1;;TENSOR SKF;TENSOR SKF;0;;
50;1604.7;VKM 11072;1604.7;VKM11072;CATEGORIA0;;1;1;0;1;;ROLAMENTO DISTRIBUIÇÃO;ROLAMENTO DISTRIBUIÇÃO;0;;
50;1604.7;VKM 11073;1604.7;VKM11073;CATEGORIA0;;1;1;0;1;;ROLAMENTO DISTRIBUIÇÃO;ROLAMENTO DISTRIBUIÇÃO;0;;
50;1604.7;VKM 11106;1604.7;VKM11106;CATEGORIA0;;1;1;0;1;;ROLAMENTO DISTRIBUIÇÃO;ROLAMENTO DISTRIBUIÇÃO;0;;
50;1604.7;VKM 11107;1604.7;VKM11107;CATEGORIA0;;1;1;0;1;;ROLAMENTO DISTRIBUIÇÃO;ROLAMENTO DISTRIBUIÇÃO;0;;
50;1604.7;VKM 11113;1604.7;VKM11113;CATEGORIA0;;1;1;0;1;;ROLAMENTO DISTRIBUIÇÃO;ROLAMENTO DISTRIBUIÇÃO;0;;
50;1604.7;VKM 11114;1604.7;VKM11114;CATEGORIA0;;1;1;0;1;;TENSOR SKF;TENSOR SKF;0;;
50;1604.7;VKM 11115;1604.7;VKM11115;CATEGORIA0;;1;1;0;1;;TENSOR SKF;TENSOR SKF;0;;
50;1604.7;VKM 11116;1604.7;VKM11116;CATEGORIA0;;1;1;0;1;;TENSOR SKF;TENSOR SKF;0;;
50;1604.7;VKM 11117;1604.7;VKM11117;CATEGORIA0;;1;1;0;1;;TENSOR SKF;TENSOR SKF;0;;
50;1604.7;VKM 11120;1604.7;VKM11120;CATEGORIA0;;1;1;0;1;;ROLAMENTO DISTRIBUIÇÃO;ROLAMENTO DISTRIBUIÇÃO;0;;
50;1604.7;VKM 11124;1604.7;VKM11124;CATEGORIA0;;1;1;0;1;;ROLAMENTO DISTRIBUIÇÃO;ROLAMENTO DISTRIBUIÇÃO;0;;
50;1604.7;VKM 11130;1604.7;VKM11130;CATEGORIA0;;1;1;0;1;;ROLAMENTO DISTRIBUIÇÃO;ROLAMENTO DISTRIBUIÇÃO;0;;
50;1604.7;VKM 11142;1604.7;VKM11142;CATEGORIA0;;1;1;0;1;;TENSOR SKF;TENSOR SKF;0;;
50;1604.7;VKM 11143;1604.7;VKM11143;CATEGORIA0;;1;1;0;1;;TENSOR SKF;TENSOR SKF;0;;
50;1604.7;VKM 11144;1604.7;VKM11144;CATEGORIA0;;1;1;0;1;;ROLAMENTO DISTRIBUIÇÃO;ROLAMENTO DISTRIBUIÇÃO;0;;
50;1604.7;VKM 11145;1604.7;VKM11145;CATEGORIA0;;1;1;0;1;;TENSOR SKF;TENSOR SKF;0;;
50;1604.7;VKM 11150;1604.7;VKM11150;CATEGORIA0;;1;1;0;1;;TENSOR SKF;TENSOR SKF;0;;
50;1604.7;VKM 11151;1604.7;VKM11151;CATEGORIA0;;1;1;0;1;;TENSOR SKF;TENSOR SKF;0;;
50;1604.7;VKM 11154;1604.7;VKM11154;CATEGORIA0;;1;1;0;1;;TENSOR SKF;TENSOR SKF;0;;
50;1604.7;VKM 11170;1604.7;VKM11170;CATEGORIA0;;1;1;0;1;;TENSOR SKF;TENSOR SKF;0;;
50;1604.7;VKM 11200;1604.7;VKM11200;CATEGORIA0;;1;1;0;1;;TENSOR SKF;TENSOR SKF;0;;
50;1604.7;VKM 11201;1604.7;VKM11201;CATEGORIA0;;1;1;0;1;;TENSOR SKF;TENSOR SKF;0;;
50;1604.7;VKM 11202;1604.7;VKM11202;CATEGORIA0;;1;1;0;1;;TENSOR SKF;TENSOR SKF;0;;
50;1604.7;VKM 11207;1604.7;VKM11207;CATEGORIA0;;1;1;0;1;;TENSOR SKF;TENSOR SKF;0;;
50;1604.7;VKM 11209;1604.7;VKM11209;CATEGORIA0;;1;1;0;1;;TENSOR SKF;TENSOR SKF;0;;
50;1604.7;VKM 11220;1604.7;VKM11220;CATEGORIA0;;1;1;0;1;;TENSOR SKF;TENSOR SKF;0;;
50;1604.7;VKM 11222;1604.7;VKM11222;CATEGORIA0;;1;1;0;1;;TENSOR SKF;TENSOR SKF;0;;
50;1604.7;VKM 11250;1604.7;VKM11250;CATEGORIA0;;1;1;0;1;;ROLAMENTO DISTRIBUIÇÃO;ROLAMENTO DISTRIBUIÇÃO;0;;
50;1604.7;VKM 11255;1604.7;VKM11255;CATEGORIA0;;1;1;0;1;;ROLAMENTO DISTRIBUIÇÃO;ROLAMENTO DISTRIBUIÇÃO;0;;
50;1604.7;VKM 11256;1604.7;VKM11256;CATEGORIA0;;1;1;0;1;;TENSOR SKF;TENSOR SKF;0;;
50;1604.7;VKM 11257;1604.7;VKM11257;CATEGORIA0;;1;1;0;1;;ROLAMENTO DISTRIBUIÇÃO;ROLAMENTO DISTRIBUIÇÃO;0;;
50;1604.7;VKM 11258;1604.7;VKM11258;CATEGORIA0;;1;1;0;1;;ROLAMENTO DISTRIBUIÇÃO;ROLAMENTO DISTRIBUIÇÃO;0;;
50;1604.7;VKM 11263;1604.7;VKM11263;CATEGORIA0;;1;1;0;1;;TENSOR SKF;TENSOR SKF;0;;
50;1604.7;VKM 11265;1604.7;VKM11265;CATEGORIA0;;1;1;0;1;;TENSOR SKF;TENSOR SKF;0;;
50;1604.7;VKM 11266;1604.7;VKM11266;CATEGORIA0;;1;1;0;1;;TENSOR SKF;TENSOR SKF;0;;
50;1604.7;VKM 11269;1604.7;VKM11269;CATEGORIA0;;1;1;0;1;;TENSOR SKF;TENSOR SKF;0;;
50;1604.7;VKM 11276;1604.7;VKM11276;CATEGORIA0;;1;1;0;1;;TENSOR SKF;TENSOR SKF;0;;
50;1604.7;VKM 11278;1604.7;VKM11278;CATEGORIA0;;1;1;0;1;;TENSOR SKF;TENSOR SKF;0;;
50;1604.7;VKM 11279;1604.7;VKM11279;CATEGORIA0;;1;1;0;1;;TENSOR SKF;TENSOR SKF;0;;
50;1604.7;VKM 11282;1604.7;VKM11282;CATEGORIA0;;1;1;0;1;;TENSOR SKF;TENSOR SKF;0;;
50;1604.7;VKM 11295;1604.7;VKM11295;CATEGORIA0;;1;1;0;1;;TENSOR SKF;TENSOR SKF;0;;
50;1604.7;VKM 11300;1604.7;VKM11300;CATEGORIA0;;1;1;0;1;;TENSOR SKF;TENSOR SKF;0;;
50;1604.7;VKM 11332;1604.7;VKM11332;CATEGORIA0;;1;1;0;1;;TENSOR SKF;TENSOR SKF;0;;
50;1604.7;VKM 11338;1604.7;VKM11338;CATEGORIA0;;1;1;0;1;;TENSOR SKF;TENSOR SKF;0;;
50;1604.7;VKM 12002;1604.7;VKM12002;CATEGORIA0;;1;1;0;1;;TENSOR SKF;TENSOR SKF;0;;
50;1604.7;VKM 12012;1604.7;VKM12012;CATEGORIA0;;1;1;0;1;;TENSOR SKF;TENSOR SKF;0;;
50;1604.7;VKM 12100;1604.7;VKM12100;CATEGORIA0;;1;1;0;1;;ROLAMENTO DISTRIBUIÇÃO;ROLAMENTO DISTRIBUIÇÃO;0;;
50;1604.7;VKM 12101;1604.7;VKM12101;CATEGORIA0;;1;1;0;1;;TENSOR SKF;TENSOR SKF;0;;
50;1604.7;VKM 12151;1604.7;VKM12151;CATEGORIA0;;1;1;0;1;;ROLAMENTO DISTRIBUIÇÃO;ROLAMENTO DISTRIBUIÇÃO;0;;
50;1604.7;VKM 12153;1604.7;VKM12153;CATEGORIA0;;1;1;0;1;;ROLAMENTO DISTRIBUIÇÃO;ROLAMENTO DISTRIBUIÇÃO;0;;
50;1604.7;VKM 12172;1604.7;VKM12172;CATEGORIA0;;1;1;0;1;;TENSOR SKF;TENSOR SKF;0;;
50;1604.7;VKM 12173;1604.7;VKM12173;CATEGORIA0;;1;1;0;1;;TENSOR SKF;TENSOR SKF;0;;
50;1604.7;VKM 12174;1604.7;VKM12174;CATEGORIA0;;1;1;0;1;;ROLAMENTO DISTRIBUIÇÃO;ROLAMENTO DISTRIBUIÇÃO;0;;
50;1604.7;VKM 12182;1604.7;VKM12182;CATEGORIA0;;1;1;0;1;;TENSOR SKF;TENSOR SKF;0;;
50;1604.7;VKM 12200;1604.7;VKM12200;CATEGORIA0;;1;1;0;1;;ROLAMENTO DISTRIBUIÇÃO;ROLAMENTO DISTRIBUIÇÃO;0;;
50;1604.7;VKM 12201;1604.7;VKM12201;CATEGORIA0;;1;1;0;1;;ROLAMENTO DISTRIBUIÇÃO;ROLAMENTO DISTRIBUIÇÃO;0;;
50;1604.7;VKM 12206;1604.7;VKM12206;CATEGORIA0;;1;1;0;1;;TENSOR SKF;TENSOR SKF;0;;
50;1604.7;VKM 12215;1604.7;VKM12215;CATEGORIA0;;1;1;0;1;;TENSOR SKF;TENSOR SKF;0;;
50;1604.7;VKM 12242;1604.7;VKM12242;CATEGORIA0;;1;1;0;1;;TENSOR SKF;TENSOR SKF;0;;
50;1604.7;VKM 12277;1604.7;VKM12277;CATEGORIA0;;1;1;0;1;;ROLAMENTO DISTRIBUIÇÃO;ROLAMENTO DISTRIBUIÇÃO;0;;
50;1604.7;VKM 12390;1604.7;VKM12390;CATEGORIA0;;1;1;0;1;;ROLAMENTO DISTRIBUIÇÃO;ROLAMENTO DISTRIBUIÇÃO;0;;
50;1604.7;VKM 12400;1604.7;VKM12400;CATEGORIA0;;1;1;0;1;;ROLAMENTO DISTRIBUIÇÃO;ROLAMENTO DISTRIBUIÇÃO;0;;
50;1604.7;VKM 12500;1604.7;VKM12500;CATEGORIA0;;1;1;0;1;;ROLAMENTO DISTRIBUIÇÃO;ROLAMENTO DISTRIBUIÇÃO;0;;
50;1604.7;VKM 12501;1604.7;VKM12501;CATEGORIA0;;1;1;0;1;;ROLAMENTO DISTRIBUIÇÃO;ROLAMENTO DISTRIBUIÇÃO;0;;
50;1604.7;VKM 12541;1604.7;VKM12541;CATEGORIA0;;1;1;0;1;;TENSOR SKF;TENSOR SKF;0;;
50;1604.7;VKM 12700;1604.7;VKM12700;CATEGORIA0;;1;1;0;1;;TENSOR DISTRIBUIÇÃO;TENSOR DISTRIBUIÇÃO;0;;
50;1604.7;VKM 13050;1604.7;VKM13050;CATEGORIA0;;1;1;0;1;;TENSOR SKF;TENSOR SKF;0;;
50;1604.7;VKM 13100;1604.7;VKM13100;CATEGORIA0;;1;1;0;1;;ROLAMENTO DISTRIBUIÇÃO;ROLAMENTO DISTRIBUIÇÃO;0;;
50;1604.7;VKM 13120;1604.7;VKM13120;CATEGORIA0;;1;1;0;1;;ROLAMENTO DISTRIBUIÇÃO;ROLAMENTO DISTRIBUIÇÃO;0;;
50;1604.7;VKM 13130;1604.7;VKM13130;CATEGORIA0;;1;1;0;1;;ROLAMENTO DISTRIBUIÇÃO;ROLAMENTO DISTRIBUIÇÃO;0;;
50;1604.7;VKM 13132;1604.7;VKM13132;CATEGORIA0;;1;1;0;1;;TENSOR SKF;TENSOR SKF;0;;
50;1604.7;VKM 13140;1604.7;VKM13140;CATEGORIA0;;1;1;0;1;;ROLAMENTO DISTRIBUIÇÃO;ROLAMENTO DISTRIBUIÇÃO;0;;
50;1604.7;VKM 13200;1604.7;VKM13200;CATEGORIA0;;1;1;0;1;;ROLAMENTO DISTRIBUIÇÃO;ROLAMENTO DISTRIBUIÇÃO;0;;
50;1604.7;VKM 13202;1604.7;VKM13202;CATEGORIA0;;1;1;0;1;;ROLAMENTO DISTRIBUIÇÃO;ROLAMENTO DISTRIBUIÇÃO;0;;
50;1604.7;VKM 13205;1604.7;VKM13205;CATEGORIA0;;1;1;0;1;;TENSOR SKF;TENSOR SKF;0;;
50;1604.7;VKM 13210;1604.7;VKM13210;CATEGORIA0;;1;1;0;1;;TENSOR SKF;TENSOR SKF;0;;
50;1604.7;VKM 13211;1604.7;VKM13211;CATEGORIA0;;1;1;0;1;;TENSOR SKF;TENSOR SKF;0;;
50;1604.7;VKM 13214;1604.7;VKM13214;CATEGORIA0;;1;1;0;1;;TENSOR SKF;TENSOR SKF;0;;
50;1604.7;VKM 13220;1604.7;VKM13220;CATEGORIA0;;1;1;0;1;;ROLAMENTO DIST. = 56618;ROLAMENTO DIST. = 56618;0;;
50;1604.7;VKM 13234;1604.7;VKM13234;CATEGORIA0;;1;1;0;1;;ROLAMENTO DIST.;ROLAMENTO DIST.;0;;
50;1604.7;VKM 13240;1604.7;VKM13240;CATEGORIA0;;1;1;0;1;;ROLAMENTO DISTRIBUIÇÃO;ROLAMENTO DISTRIBUIÇÃO;0;;
50;1604.7;VKM 13241;1604.7;VKM13241;CATEGORIA0;;1;1;0;1;;ROLAMENTO DISTRIBUIÇÃO;ROLAMENTO DISTRIBUIÇÃO;0;;
50;1604.7;VKM 13244;1604.7;VKM13244;CATEGORIA0;;1;1;0;1;;ROLAMENTO DISTRIBUIÇÃO;ROLAMENTO DISTRIBUIÇÃO;0;;
50;1604.7;VKM 13246;1604.7;VKM13246;CATEGORIA0;;1;1;0;1;;ROLAMENTO DISTRIBUIÇÃO;ROLAMENTO DISTRIBUIÇÃO;0;;
50;1604.7;VKM 13250;1604.7;VKM13250;CATEGORIA0;;1;1;0;1;;TENSOR SKF;TENSOR SKF;0;;
50;1604.7;VKM 13253;1604.7;VKM13253;CATEGORIA0;;1;1;0;1;;ROLAMENTO DISTRIBUIÇÃO;ROLAMENTO DISTRIBUIÇÃO;0;;
50;1604.7;VKM 13256;1604.7;VKM13256;CATEGORIA0;;1;1;0;1;;TENSOR SKF;TENSOR SKF;0;;
50;1604.7;VKM 13257;1604.7;VKM13257;CATEGORIA0;;1;1;0;1;;TENSOR SKF;TENSOR SKF;0;;
50;1604.7;VKM 13258;1604.7;VKM13258;CATEGORIA0;;1;1;0;1;;TENSOR SKF;TENSOR SKF;0;;
50;1604.7;VKM 13262;1604.7;VKM13262;CATEGORIA0;;1;1;0;1;;TENSOR SKF;TENSOR SKF;0;;
50;1604.7;VKM 13263;1604.7;VKM13263;CATEGORIA0;;1;1;0;1;;TENSOR SKF;TENSOR SKF;0;;
50;1604.7;VKM 13264;1604.7;VKM13264;CATEGORIA0;;1;1;0;1;;ROLAMENTO DISTRIBUIÇÃO;ROLAMENTO DISTRIBUIÇÃO;0;;
50;1604.7;VKM 13269;1604.7;VKM13269;CATEGORIA0;;1;1;0;1;;TENSOR SKF;TENSOR SKF;0;;
50;1604.7;VKM 13300;1604.7;VKM13300;CATEGORIA0;;1;1;0;1;;TENSOR SKF;TENSOR SKF;0;;
50;1604.7;VKM 13304;1604.7;VKM13304;CATEGORIA0;;1;1;0;1;;ROLAMENTO DISTRIBUIÇÃO;ROLAMENTO DISTRIBUIÇÃO;0;;
50;1604.7;VKM 13305;1604.7;VKM13305;CATEGORIA0;;1;1;0;1;;TENSOR SKF;TENSOR SKF;0;;
50;1604.7;VKM 13306;1604.7;VKM13306;CATEGORIA0;;1;1;0;1;;TENSOR SKF;TENSOR SKF;0;;
50;1604.7;VKM 13314;1604.7;VKM13314;CATEGORIA0;;1;1;0;1;;TENSOR SKF;TENSOR SKF;0;;
50;1604.7;VKM 13316;1604.7;VKM13316;CATEGORIA0;;1;1;0;1;;TENSOR SKF;TENSOR SKF;0;;
50;1604.7;VKM 13317;1604.7;VKM13317;CATEGORIA0;;1;1;0;1;;TENSOR SKF;TENSOR SKF;0;;
50;1604.7;VKM 13318;1604.7;VKM13318;CATEGORIA0;;1;1;0;1;;TENSOR SKF;TENSOR SKF;0;;
50;1604.7;VKM 13319;1604.7;VKM13319;CATEGORIA0;;1;1;0;1;;TENSOR SKF;TENSOR SKF;0;;
50;1604.7;VKM 13902;1604.7;VKM13902;CATEGORIA0;;1;1;0;1;;TENSOR SKF;TENSOR SKF;0;;
50;1604.7;VKM 14000;1604.7;VKM14000;CATEGORIA0;;1;1;0;1;;ROLAMENTO DISTRIBUIÇÃO;ROLAMENTO DISTRIBUIÇÃO;0;;
50;1604.7;VKM 14100;1604.7;VKM14100;CATEGORIA0;;1;1;0;1;;ROLAMENTO DISTRIBUIÇÃO;ROLAMENTO DISTRIBUIÇÃO;0;;
50;1604.7;VKM 14101;1604.7;VKM14101;CATEGORIA0;;1;1;0;1;;TENSOR SKF;TENSOR SKF;0;;
50;1604.7;VKM 14103;1604.7;VKM14103;CATEGORIA0;;1;1;0;1;;ROLAMENTO DISTRIBUIÇÃO;ROLAMENTO DISTRIBUIÇÃO;0;;
50;1604.7;VKM 14105;1604.7;VKM14105;CATEGORIA0;;1;1;0;1;;ROLAMENTO DISTRIBUIÇÃO;ROLAMENTO DISTRIBUIÇÃO;0;;
50;1604.7;VKM 14107;1604.7;VKM14107;CATEGORIA0;;1;1;0;1;;ROLAMENTO DISTRIBUIÇÃO;ROLAMENTO DISTRIBUIÇÃO;0;;
50;1604.7;VKM 14108;1604.7;VKM14108;CATEGORIA0;;1;1;0;1;;ROLAMENTO DISTRIBUIÇÃO;ROLAMENTO DISTRIBUIÇÃO;0;;
50;1604.7;VKM 14110;1604.7;VKM14110;CATEGORIA0;;1;1;0;1;;TENSOR SKF;TENSOR SKF;0;;
50;1604.7;VKM 14201;1604.7;VKM14201;CATEGORIA0;;1;1;0;1;;ROLAMENTO DISTRIBUIÇÃO;ROLAMENTO DISTRIBUIÇÃO;0;;
50;1604.7;VKM 14210;1604.7;VKM14210;CATEGORIA0;;1;1;0;1;;TENSOR SKF;TENSOR SKF;0;;
50;1604.7;VKM 14211;1604.7;VKM14211;CATEGORIA0;;1;1;0;1;;TENSOR SKF;TENSOR SKF;0;;
50;1604.7;VKM 14215;1604.7;VKM14215;CATEGORIA0;;1;1;0;1;;TENSOR SKF;TENSOR SKF;0;;
50;1604.7;VKM 14216;1604.7;VKM14216;CATEGORIA0;;1;1;0;1;;TENSOR SKF;TENSOR SKF;0;;
50;1604.7;VKM 14219;1604.7;VKM14219;CATEGORIA0;;1;1;0;1;;TENSOR SKF;TENSOR SKF;0;;
50;1604.7;VKM 14220;1604.7;VKM14220;CATEGORIA0;;1;1;0;1;;TENSOR SKF;TENSOR SKF;0;;
50;1604.7;VKM 14222;1604.7;VKM14222;CATEGORIA0;;1;1;0;1;;ROLAMENTO DISTRIBUIÇÃO;ROLAMENTO DISTRIBUIÇÃO;0;;
50;1604.7;VKM 14224;1604.7;VKM14224;CATEGORIA0;;1;1;0;1;;TENSOR SKF;TENSOR SKF;0;;
50;1604.7;VKM 14300;1604.7;VKM14300;CATEGORIA0;;1;1;0;1;;ROLAMENTO DISTRIBUIÇÃO;ROLAMENTO DISTRIBUIÇÃO;0;;
50;1604.7;VKM 14301;1604.7;VKM14301;CATEGORIA0;;1;1;0;1;;ROLAMENTO DISTRIBUIÇÃO;ROLAMENTO DISTRIBUIÇÃO;0;;
50;1604.7;VKM 15121;1604.7;VKM15121;CATEGORIA0;;1;1;0;1;;ROLAMENTO DISTRIBUIÇÃO;ROLAMENTO DISTRIBUIÇÃO;0;;
50;1604.7;VKM 15140;1604.7;VKM15140;CATEGORIA0;;1;1;0;1;;TENSOR SKF;TENSOR SKF;0;;
50;1604.7;VKM 15202;1604.7;VKM15202;CATEGORIA0;;1;1;0;1;;TENSOR SKF;TENSOR SKF;0;;
50;1604.7;VKM 15210;1604.7;VKM15210;CATEGORIA0;;1;1;0;1;;ROLAMENTO DISTRIBUIÇÃO *;ROLAMENTO DISTRIBUIÇÃO *;0;;
50;1604.7;VKM 15211;1604.7;VKM15211;CATEGORIA0;;1;1;0;1;;ROLAMENTO DISTRIBUIÇÃO;ROLAMENTO DISTRIBUIÇÃO;0;;
50;1604.7;VKM 15213;1604.7;VKM15213;CATEGORIA0;;1;1;0;1;;ROLAMENTO DISTRIBUIÇÃO;ROLAMENTO DISTRIBUIÇÃO;0;;
50;1604.7;VKM 15215;1604.7;VKM15215;CATEGORIA0;;1;1;0;1;;ROLAMENTO DISTRIBUIÇÃO *;ROLAMENTO DISTRIBUIÇÃO *;0;;
50;1604.7;VKM 15216;1604.7;VKM15216;CATEGORIA0;;1;1;0;1;;ROLAMENTO DISTRIBUIÇÃO;ROLAMENTO DISTRIBUIÇÃO;0;;
50;1604.7;VKM 15218;1604.7;VKM15218;CATEGORIA0;;1;1;0;1;;ROLAMENTO DISTRIBUIÇÃO;ROLAMENTO DISTRIBUIÇÃO;0;;
50;1604.7;VKM 15220;1604.7;VKM15220;CATEGORIA0;;1;1;0;1;;ROLAMENTO DISTRIBUIÇÃO;ROLAMENTO DISTRIBUIÇÃO;0;;
50;1604.7;VKM 15230;1604.7;VKM15230;CATEGORIA0;;1;1;0;1;;TENSOR SKF;TENSOR SKF;0;;
50;1604.7;VKM 15260;1604.7;VKM15260;CATEGORIA0;;1;1;0;1;;TENSOR SKF;TENSOR SKF;0;;
50;1604.7;VKM 15402;1604.7;VKM15402;CATEGORIA0;;1;1;0;1;;TENSOR SKF;TENSOR SKF;0;;
50;1604.7;VKM 15500;1604.7;VKM15500;CATEGORIA0;;1;1;0;1;;TENSOR SKF;TENSOR SKF;0;;
50;1604.7;VKM 15701;1604.7;VKM15701;CATEGORIA0;;1;1;0;1;;TENSOR SKF;TENSOR SKF;0;;
50;1604.7;VKM 16000;1604.7;VKM16000;CATEGORIA0;;1;1;0;1;;ROLAMENTO DISTRIBUIÇÃO;ROLAMENTO DISTRIBUIÇÃO;0;;
50;1604.7;VKM 16002;1604.7;VKM16002;CATEGORIA0;;1;1;0;1;;ROLAMENTO DISTRIBUIÇÃO;ROLAMENTO DISTRIBUIÇÃO;0;;
50;1604.7;VKM 16003;1604.7;VKM16003;CATEGORIA0;;1;1;0;1;;ROLAMENTO DISTRIBUIÇÃO;ROLAMENTO DISTRIBUIÇÃO;0;;
50;1604.7;VKM 16008;1604.7;VKM16008;CATEGORIA0;;1;1;0;1;;TENSOR SKF;TENSOR SKF;0;;
50;1604.7;VKM 16009;1604.7;VKM16009;CATEGORIA0;;1;1;0;1;;TENSOR SKF;TENSOR SKF;0;;
50;1604.7;VKM 16020;1604.7;VKM16020;CATEGORIA0;;1;1;0;1;;ROLAMENTO DISTRIBUIÇÃO;ROLAMENTO DISTRIBUIÇÃO;0;;
50;1604.7;VKM 16022;1604.7;VKM16022;CATEGORIA0;;1;1;0;1;;ROLAMENTO DISTRIBUIÇÃO;ROLAMENTO DISTRIBUIÇÃO;0;;
50;1604.7;VKM 16023;1604.7;VKM16023;CATEGORIA0;;1;1;0;1;;TENSOR SKF;TENSOR SKF;0;;
50;1604.7;VKM 16038;1604.7;VKM16038;CATEGORIA0;;1;1;0;1;;TENSOR SKF;TENSOR SKF;0;;
50;1604.7;VKM 16050;1604.7;VKM16050;CATEGORIA0;;1;1;0;1;;TENSOR SKF;TENSOR SKF;0;;
50;1604.7;VKM 16055;1604.7;VKM16055;CATEGORIA0;;1;1;0;1;;TENSOR SKF;TENSOR SKF;0;;
50;1604.7;VKM 16101;1604.7;VKM16101;CATEGORIA0;;1;1;0;1;;ROLAMENTO DIST.;ROLAMENTO DIST.;0;;
50;1604.7;VKM 16102;1604.7;VKM16102;CATEGORIA0;;1;1;0;1;;+ROLAMENTO DISTRIBUIÇÃO;+ROLAMENTO DISTRIBUIÇÃO;0;;
50;1604.7;VKM 16110;1604.7;VKM16110;CATEGORIA0;;1;1;0;1;;ROLAMENTO DISTRIBUIÇÃO;ROLAMENTO DISTRIBUIÇÃO;0;;
50;1604.7;VKM 16112;1604.7;VKM16112;CATEGORIA0;;1;1;0;1;;ROLAMENTO DISTRIBUIÇÃO;ROLAMENTO DISTRIBUIÇÃO;0;;
50;1604.7;VKM 16113;1604.7;VKM16113;CATEGORIA0;;1;1;0;1;;TENSOR SKF;TENSOR SKF;0;;
50;1604.7;VKM 16129;1604.7;VKM16129;CATEGORIA0;;1;1;0;1;;TENSOR SKF;TENSOR SKF;0;;
50;1604.7;VKM 16136;1604.7;VKM16136;CATEGORIA0;;1;1;0;1;;TENSOR SKF;TENSOR SKF;0;;
50;1604.7;VKM 16140;1604.7;VKM16140;CATEGORIA0;;1;1;0;1;;TENSOR SKF;TENSOR SKF;0;;
50;1604.7;VKM 16200;1604.7;VKM16200;CATEGORIA0;;1;1;0;1;;ROLAMENTO DISTRIBUIÇÃO;ROLAMENTO DISTRIBUIÇÃO;0;;
50;1604.7;VKM 16204;1604.7;VKM16204;CATEGORIA0;;1;1;0;1;;ROLAMENTO DIST. = 55514;ROLAMENTO DIST. = 55514;0;;
50;1604.7;VKM 16210;1604.7;VKM16210;CATEGORIA0;;1;1;0;1;;+ ROLAMENTO DIST. = VKM16212;+ ROLAMENTO DIST. = VKM16212;0;;
50;1604.7;VKM 16212;1604.7;VKM16212;CATEGORIA0;;1;1;0;1;;ROLAMENTO DISTRIBUIÇÃO;ROLAMENTO DISTRIBUIÇÃO;0;;
50;1604.7;VKM 16220;1604.7;VKM16220;CATEGORIA0;;1;1;0;1;;TENSOR SKF;TENSOR SKF;0;;
50;1604.7;VKM 16300;1604.7;VKM16300;CATEGORIA0;;1;1;0;1;;ROLAMENTO DISTRIBUIÇÃO = 56500;ROLAMENTO DISTRIBUIÇÃO = 56500;0;;
50;1604.7;VKM 16501;1604.7;VKM16501;CATEGORIA0;;1;1;0;1;;ROLAMENTO DISTRIBUIÇÃO;ROLAMENTO DISTRIBUIÇÃO;0;;
50;1604.7;VKM 16503;1604.7;VKM16503;CATEGORIA0;;1;1;0;1;;TENSOR SKF;TENSOR SKF;0;;
50;1604.7;VKM 16550;1604.7;VKM16550;CATEGORIA0;;1;1;0;1;;ROLAMENTO DISTRIBUIÇÃO;ROLAMENTO DISTRIBUIÇÃO;0;;
50;1604.7;VKM 16551;1604.7;VKM16551;CATEGORIA0;;1;1;0;1;;ROLAMENTO DISTRIBUIÇÃO;ROLAMENTO DISTRIBUIÇÃO;0;;
50;1604.7;VKM 16600;1604.7;VKM16600;CATEGORIA0;;1;1;0;1;;ROLAMENTO DISTRIBUIÇÃO;ROLAMENTO DISTRIBUIÇÃO;0;;
50;1604.7;VKM 16602;1604.7;VKM16602;CATEGORIA0;;1;1;0;1;;ROLAMENTO DISTRIBUIÇÃO;ROLAMENTO DISTRIBUIÇÃO;0;;
50;1604.7;VKM 16604;1604.7;VKM16604;CATEGORIA0;;1;1;0;1;;ROLAMENTO DISTRIBUIÇÃO;ROLAMENTO DISTRIBUIÇÃO;0;;
50;1604.7;VKM 16800;1604.7;VKM16800;CATEGORIA0;;1;1;0;1;;TENSOR SKF;TENSOR SKF;0;;
50;1604.7;VKM 17301;1604.7;VKM17301;CATEGORIA0;;1;1;0;1;;ROLAMENTO DISTRIBUIÇÃO;ROLAMENTO DISTRIBUIÇÃO;0;;
50;1604.7;VKM 17302;1604.7;VKM17302;CATEGORIA0;;1;1;0;1;;TENSOR SKF;TENSOR SKF;0;;
50;1604.7;VKM 17303;1604.7;VKM17303;CATEGORIA0;;1;1;0;1;;ROLAMENTO DISTRIBUIÇÃO;ROLAMENTO DISTRIBUIÇÃO;0;;
50;1604.7;VKM 17304;1604.7;VKM17304;CATEGORIA0;;1;1;0;1;;ROLAMENTO DISTRIBUIÇÃO;ROLAMENTO DISTRIBUIÇÃO;0;;
50;1604.7;VKM 17305;1604.7;VKM17305;CATEGORIA0;;1;1;0;1;;ROLAMENTO DISTRIBUIÇÃO;ROLAMENTO DISTRIBUIÇÃO;0;;
50;1604.7;VKM 17310;1604.7;VKM17310;CATEGORIA0;;1;1;0;1;;ROLAMENTO DIST. +++++;ROLAMENTO DIST. +++++;0;;
50;1604.7;VKM 18100;1604.7;VKM18100;CATEGORIA0;;1;1;0;1;;ROLAMENTO DISTRIBUIÇÃO;ROLAMENTO DISTRIBUIÇÃO;0;;
50;1604.7;VKM 18200;1604.7;VKM18200;CATEGORIA0;;1;1;0;1;;TENSOR SKF;TENSOR SKF;0;;
50;1604.7;VKM 18400;1604.7;VKM18400;CATEGORIA0;;1;1;0;1;;TENSOR SKF;TENSOR SKF;0;;
50;1604.7;VKM 18500;1604.7;VKM18500;CATEGORIA0;;1;1;0;1;;TENSOR SKF;TENSOR SKF;0;;
50;1604.7;VKM 18502;1604.7;VKM18502;CATEGORIA0;;1;1;0;1;;TENSOR SKF;TENSOR SKF;0;;
50;1604.7;VKM 18600;1604.7;VKM18600;CATEGORIA0;;1;1;0;1;;TENSOR SKF;TENSOR SKF;0;;
50;1604.7;VKM 18601;1604.7;VKM18601;CATEGORIA0;;1;1;0;1;;TENSOR SKF;TENSOR SKF;0;;
50;1604.7;VKM 21001;1604.7;VKM21001;CATEGORIA0;;1;1;0;1;;TENSOR SKF;TENSOR SKF;0;;
50;1604.7;VKM 21004;1604.7;VKM21004;CATEGORIA0;;1;1;0;1;;ROLAMENTO DISTRIBUIÇÃO;ROLAMENTO DISTRIBUIÇÃO;0;;
50;1604.7;VKM 21012;1604.7;VKM21012;CATEGORIA0;;1;1;0;1;;ROLAMENTO DISTRIBUIÇÃO;ROLAMENTO DISTRIBUIÇÃO;0;;
50;1604.7;VKM 21031;1604.7;VKM21031;CATEGORIA0;;1;1;0;1;;TENSOR SKF;TENSOR SKF;0;;
50;1604.7;VKM 21032;1604.7;VKM21032;CATEGORIA0;;1;1;0;1;;TENSOR SKF;TENSOR SKF;0;;
50;1604.7;VKM 21045;1604.7;VKM21045;CATEGORIA0;;1;1;0;1;;TENSOR SKF;TENSOR SKF;0;;
50;1604.7;VKM 21052;1604.7;VKM21052;CATEGORIA0;;1;1;0;1;;TENSOR SKF;TENSOR SKF;0;;
50;1604.7;VKM 21115;1604.7;VKM21115;CATEGORIA0;;1;1;0;1;;TENSOR SKF;TENSOR SKF;0;;
50;1604.7;VKM 21120;1604.7;VKM21120;CATEGORIA0;;1;1;0;1;;ROLAMENTO DISTRIBUIÇÃO;ROLAMENTO DISTRIBUIÇÃO;0;;
50;1604.7;VKM 21121;1604.7;VKM21121;CATEGORIA0;;1;1;0;1;;ROLAMENTO DISTRIBUIÇÃO;ROLAMENTO DISTRIBUIÇÃO;0;;
50;1604.7;VKM 21130;1604.7;VKM21130;CATEGORIA0;;1;1;0;1;;TENSOR SKF;TENSOR SKF;0;;
50;1604.7;VKM 21131;1604.7;VKM21131;CATEGORIA0;;1;1;0;1;;ROLAMENTO DISTRIBUIÇÃO;ROLAMENTO DISTRIBUIÇÃO;0;;
50;1604.7;VKM 21142;1604.7;VKM21142;CATEGORIA0;;1;1;0;1;;ROLAMENTO DISTRIBUIÇÃO;ROLAMENTO DISTRIBUIÇÃO;0;;
50;1604.7;VKM 21147;1604.7;VKM21147;CATEGORIA0;;1;1;0;1;;ROLAMENTO DISTRIBUIÇÃO;ROLAMENTO DISTRIBUIÇÃO;0;;
50;1604.7;VKM 21148;1604.7;VKM21148;CATEGORIA0;;1;1;0;1;;TENSOR SKF;TENSOR SKF;0;;
50;1604.7;VKM 21151;1604.7;VKM21151;CATEGORIA0;;1;1;0;1;;TENSOR SKF;TENSOR SKF;0;;
50;1604.7;VKM 21170;1604.7;VKM21170;CATEGORIA0;;1;1;0;1;;TENSOR SKF;TENSOR SKF;0;;
50;1604.7;VKM 21201;1604.7;VKM21201;CATEGORIA0;;1;1;0;1;;TENSOR SKF;TENSOR SKF;0;;
50;1604.7;VKM 21202;1604.7;VKM21202;CATEGORIA0;;1;1;0;1;;TENSOR SKF;TENSOR SKF;0;;
50;1604.7;VKM 21220;1604.7;VKM21220;CATEGORIA0;;1;1;0;1;;TENSOR SKF;TENSOR SKF;0;;
50;1604.7;VKM 21221;1604.7;VKM21221;CATEGORIA0;;1;1;0;1;;TENSOR SKF;TENSOR SKF;0;;
50;1604.7;VKM 21223;1604.7;VKM21223;CATEGORIA0;;1;1;0;1;;TENSOR SKF;TENSOR SKF;0;;
50;1604.7;VKM 21256;1604.7;VKM21256;CATEGORIA0;;1;1;0;1;;ROLAMENTO DISTRIBUIÇÃO;ROLAMENTO DISTRIBUIÇÃO;0;;
50;1604.7;VKM 21259;1604.7;VKM21259;CATEGORIA0;;1;1;0;1;;TENSOR SKF;TENSOR SKF;0;;
50;1604.7;VKM 21269;1604.7;VKM21269;CATEGORIA0;;1;1;0;1;;TENSOR SKF;TENSOR SKF;0;;
50;1604.7;VKM 21338;1604.7;VKM21338;CATEGORIA0;;1;1;0;1;;TENSOR SKF;TENSOR SKF;0;;
50;1604.7;VKM 22151;1604.7;VKM22151;CATEGORIA0;;1;1;0;1;;ROLAMENTO DISTRIBUIÇÃO;ROLAMENTO DISTRIBUIÇÃO;0;;
50;1604.7;VKM 22153;1604.7;VKM22153;CATEGORIA0;;1;1;0;1;;ROLAMENTO DISTRIBUIÇÃO;ROLAMENTO DISTRIBUIÇÃO;0;;
50;1604.7;VKM 22174;1604.7;VKM22174;CATEGORIA0;;1;1;0;1;;ROLAMENTO DISTRIBUIÇÃO;ROLAMENTO DISTRIBUIÇÃO;0;;
50;1604.7;VKM 22177;1604.7;VKM22177;CATEGORIA0;;1;1;0;1;;ROLAMENTO DISTRIBUIÇÃO;ROLAMENTO DISTRIBUIÇÃO;0;;
50;1604.7;VKM 22179;1604.7;VKM22179;CATEGORIA0;;1;1;0;1;;ROLAMENTO DIST. C/ PARAF.;ROLAMENTO DIST. C/ PARAF.;0;;
50;1604.7;VKM 22180;1604.7;VKM22180;CATEGORIA0;;1;1;0;1;;ROLAMENTO DIST. S/PARAF.;ROLAMENTO DIST. S/PARAF.;0;;
50;1604.7;VKM 22242;1604.7;VKM22242;CATEGORIA0;;1;1;0;1;;ROLAMENTO DISTRIBUIÇÃO;ROLAMENTO DISTRIBUIÇÃO;0;;
50;1604.7;VKM 22380;1604.7;VKM22380;CATEGORIA0;;1;1;0;1;;ROLAMENTO DISTRIBUIÇÃO;ROLAMENTO DISTRIBUIÇÃO;0;;
50;1604.7;VKM 22385;1604.7;VKM22385;CATEGORIA0;;1;1;0;1;;ROLAMENTO DISTRIBUIÇÃO;ROLAMENTO DISTRIBUIÇÃO;0;;
50;1604.7;VKM 22390;1604.7;VKM22390;CATEGORIA0;;1;1;0;1;;ROLAMENTO DISTRIBUIÇÃO;ROLAMENTO DISTRIBUIÇÃO;0;;
50;1604.7;VKM 22510;1604.7;VKM22510;CATEGORIA0;;1;1;0;1;;ROLAMENTO DISTRIBUIÇÃO;ROLAMENTO DISTRIBUIÇÃO;0;;
50;1604.7;VKM 22540;1604.7;VKM22540;CATEGORIA0;;1;1;0;1;;TENSOR SKF;TENSOR SKF;0;;
50;1604.7;VKM 23120;1604.7;VKM23120;CATEGORIA0;;1;1;0;1;;ROLAMENTO DISTRIBUIÇÃO;ROLAMENTO DISTRIBUIÇÃO;0;;
50;1604.7;VKM 23121;1604.7;VKM23121;CATEGORIA0;;1;1;0;1;;TENSOR SKF;TENSOR SKF;0;;
50;1604.7;VKM 23122;1604.7;VKM23122;CATEGORIA0;;1;1;0;1;;ROLAMENTO DISTRIBUIÇÃO;ROLAMENTO DISTRIBUIÇÃO;0;;
50;1604.7;VKM 23130;1604.7;VKM23130;CATEGORIA0;;1;1;0;1;;ROLAMENTO DISTRIBUIÇÃO;ROLAMENTO DISTRIBUIÇÃO;0;;
50;1604.7;VKM 23140;1604.7;VKM23140;CATEGORIA0;;1;1;0;1;;ROLAMENTO DISTRIBUIÇÃO;ROLAMENTO DISTRIBUIÇÃO;0;;
50;1604.7;VKM 23230;1604.7;VKM23230;CATEGORIA0;;1;1;0;1;;ROLAMENTO DISTRIBUIÇÃO;ROLAMENTO DISTRIBUIÇÃO;0;;
50;1604.7;VKM 23240;1604.7;VKM23240;CATEGORIA0;;1;1;0;1;;ROLAMENTO DISTRIBUIÇÃO;ROLAMENTO DISTRIBUIÇÃO;0;;
50;1604.7;VKM 23241;1604.7;VKM23241;CATEGORIA0;;1;1;0;1;;ROLAMENTO DISTRIBUIÇÃO;ROLAMENTO DISTRIBUIÇÃO;0;;
50;1604.7;VKM 23244;1604.7;VKM23244;CATEGORIA0;;1;1;0;1;;+ ROLAMENTO DIST. (FERRO);+ ROLAMENTO DIST. (FERRO);0;;
50;1604.7;VKM 23246;1604.7;VKM23246;CATEGORIA0;;1;1;0;1;;ROLAMENTO DIST. (PLASTICO);ROLAMENTO DIST. (PLASTICO);0;;
50;1604.7;VKM 23256;1604.7;VKM23256;CATEGORIA0;;1;1;0;1;;TENSOR SKF;TENSOR SKF;0;;
50;1604.7;VKM 23257;1604.7;VKM23257;CATEGORIA0;;1;1;0;1;;TENSOR SKF;TENSOR SKF;0;;
50;1604.7;VKM 23258;1604.7;VKM23258;CATEGORIA0;;1;1;0;1;;TENSOR SKF;TENSOR SKF;0;;
50;1604.7;VKM 23261;1604.7;VKM23261;CATEGORIA0;;1;1;0;1;;TENSOR SKF;TENSOR SKF;0;;
50;1604.7;VKM 23264;1604.7;VKM23264;CATEGORIA0;;1;1;0;1;;ROLAMENTO DISTRIBUIÇÃO;ROLAMENTO DISTRIBUIÇÃO;0;;
50;1604.7;VKM 23305;1604.7;VKM23305;CATEGORIA0;;1;1;0;1;;TENSOR SKF;TENSOR SKF;0;;
50;1604.7;VKM 23319;1604.7;VKM23319;CATEGORIA0;;1;1;0;1;;TENSOR SKF;TENSOR SKF;0;;
50;1604.7;VKM 23900;1604.7;VKM23900;CATEGORIA0;;1;1;0;1;;TENSOR SKF;TENSOR SKF;0;;
50;1604.7;VKM 23901;1604.7;VKM23901;CATEGORIA0;;1;1;0;1;;TENSOR SKF;TENSOR SKF;0;;
50;1604.7;VKM 24100;1604.7;VKM24100;CATEGORIA0;;1;1;0;1;;TENSOR DISTRIBUIÇÃO;TENSOR DISTRIBUIÇÃO;0;;
50;1604.7;VKM 24104;1604.7;VKM24104;CATEGORIA0;;1;1;0;1;;ROLAMENTO DIST. = 55212;ROLAMENTO DIST. = 55212;0;;
50;1604.7;VKM 24107;1604.7;VKM24107;CATEGORIA0;;1;1;0;1;;ROLAMENTO DISTRIBUIÇÃO;ROLAMENTO DISTRIBUIÇÃO;0;;
50;1604.7;VKM 24210;1604.7;VKM24210;CATEGORIA0;;1;1;0;1;;ROLAMENTO DISTRIBUIÇÃO;ROLAMENTO DISTRIBUIÇÃO;0;;
50;1604.7;VKM 24211;1604.7;VKM24211;CATEGORIA0;;1;1;0;1;;TENSOR SKF;TENSOR SKF;0;;
50;1604.7;VKM 24212;1604.7;VKM24212;CATEGORIA0;;1;1;0;1;;TENSOR SKF;TENSOR SKF;0;;
50;1604.7;VKM 24213;1604.7;VKM24213;CATEGORIA0;;1;1;0;1;;TENSOR SKF;TENSOR SKF;0;;
50;1604.7;VKM 24214;1604.7;VKM24214;CATEGORIA0;;1;1;0;1;;TENSOR SKF;TENSOR SKF;0;;
50;1604.7;VKM 25121;1604.7;VKM25121;CATEGORIA0;;1;1;0;1;;TENSOR SKF;TENSOR SKF;0;;
50;1604.7;VKM 25124;1604.7;VKM25124;CATEGORIA0;;1;1;0;1;;TENSOR SKF;TENSOR SKF;0;;
50;1604.7;VKM 25142;1604.7;VKM25142;CATEGORIA0;;1;1;0;1;;TENSOR SKF;TENSOR SKF;0;;
50;1604.7;VKM 25150;1604.7;VKM25150;CATEGORIA0;;1;1;0;1;;ROLAMENTO DISTRIBUIÇÃO;ROLAMENTO DISTRIBUIÇÃO;0;;
50;1604.7;VKM 25152;1604.7;VKM25152;CATEGORIA0;;1;1;0;1;;+ ROLAMENTO DIST. = VKM25158;+ ROLAMENTO DIST. = VKM25158;0;;
50;1604.7;VKM 25156;1604.7;VKM25156;CATEGORIA0;;1;1;0;1;;TENSOR SKF;TENSOR SKF;0;;
50;1604.7;VKM 25158;1604.7;VKM25158;CATEGORIA0;;1;1;0;1;;ROLAMENTO DISTRIBUIÇÃO;ROLAMENTO DISTRIBUIÇÃO;0;;
50;1604.7;VKM 25201;1604.7;VKM25201;CATEGORIA0;;1;1;0;1;;TENSOR SKF;TENSOR SKF;0;;
50;1604.7;VKM 25202;1604.7;VKM25202;CATEGORIA0;;1;1;0;1;;TENSOR SKF;TENSOR SKF;0;;
50;1604.7;VKM 25207;1604.7;VKM25207;CATEGORIA0;;1;1;0;1;;TENSOR SKF;TENSOR SKF;0;;
50;1604.7;VKM 25208;1604.7;VKM25208;CATEGORIA0;;1;1;0;1;;ROLAMENTO DISTRIBUIÇÃO *;ROLAMENTO DISTRIBUIÇÃO *;0;;
50;1604.7;VKM 25210;1604.7;VKM25210;CATEGORIA0;;1;1;0;1;;+ ROLAMENTO DISTRIBUIÇÃO;+ ROLAMENTO DISTRIBUIÇÃO;0;;
50;1604.7;VKM 25211;1604.7;VKM25211;CATEGORIA0;;1;1;0;1;;ROLAMENTO DISTRIBUIÇÃO;ROLAMENTO DISTRIBUIÇÃO;0;;
50;1604.7;VKM 25212;1604.7;VKM25212;CATEGORIA0;;1;1;0;1;;TENSOR SKF;TENSOR SKF;0;;
50;1604.7;VKM 25213;1604.7;VKM25213;CATEGORIA0;;1;1;0;1;;ROLAMENTO DISTRIBUIÇÃO;ROLAMENTO DISTRIBUIÇÃO;0;;
50;1604.7;VKM 25215;1604.7;VKM25215;CATEGORIA0;;1;1;0;1;;ROLAMENTO DISTRIBUIÇÃO;ROLAMENTO DISTRIBUIÇÃO;0;;
50;1604.7;VKM 25216;1604.7;VKM25216;CATEGORIA0;;1;1;0;1;;TENSOR SKF;TENSOR SKF;0;;
50;1604.7;VKM 25222;1604.7;VKM25222;CATEGORIA0;;1;1;0;1;;ROLAMENTO DISTRIBUIÇÃO;ROLAMENTO DISTRIBUIÇÃO;0;;
50;1604.7;VKM 25224;1604.7;VKM25224;CATEGORIA0;;1;1;0;1;;TENSOR SKF;TENSOR SKF;0;;
50;1604.7;VKM 25260;1604.7;VKM25260;CATEGORIA0;;1;1;0;1;;TENSOR SKF;TENSOR SKF;0;;
50;1604.7;VKM 25500;1604.7;VKM25500;CATEGORIA0;;1;1;0;1;;TENSOR SKF;TENSOR SKF;0;;
50;1604.7;VKM 25701;1604.7;VKM25701;CATEGORIA0;;1;1;0;1;;ROLAMENTO DISTRIBUIÇÃO;ROLAMENTO DISTRIBUIÇÃO;0;;
50;1604.7;VKM 26020;1604.7;VKM26020;CATEGORIA0;;1;1;0;1;;ROLAMENTO DISTRIBUIÇÃO *;ROLAMENTO DISTRIBUIÇÃO *;0;;
50;1604.7;VKM 26050;1604.7;VKM26050;CATEGORIA0;;1;1;0;1;;TENSOR SKF;TENSOR SKF;0;;
50;1604.7;VKM 26056;1604.7;VKM26056;CATEGORIA0;;1;1;0;1;;TENSOR SKF;TENSOR SKF;0;;
50;1604.7;VKM 26100;1604.7;VKM26100;CATEGORIA0;;1;1;0;1;;ROLAMENTO DISTRIB. ***;ROLAMENTO DISTRIB. ***;0;;
50;1604.7;VKM 26101;1604.7;VKM26101;CATEGORIA0;;1;1;0;1;;ROLAMENTO DISTRIBUIÇÃO;ROLAMENTO DISTRIBUIÇÃO;0;;
50;1604.7;VKM 26102;1604.7;VKM26102;CATEGORIA0;;1;1;0;1;;ROLAMENTO DISTRIBUIÇÃO;ROLAMENTO DISTRIBUIÇÃO;0;;
50;1604.7;VKM 26105;1604.7;VKM26105;CATEGORIA0;;1;1;0;1;;ROLAMENTO DISTRIBUIÇÃO;ROLAMENTO DISTRIBUIÇÃO;0;;
50;1604.7;VKM 26114;1604.7;VKM26114;CATEGORIA0;;1;1;0;1;;+ ROLAMENTO DIST.  VER VKM26125;+ ROLAMENTO DIST.  VER VKM26125;0;;
50;1604.7;VKM 26115;1604.7;VKM26115;CATEGORIA0;;1;1;0;1;;TENSOR SKF;TENSOR SKF;0;;
50;1604.7;VKM 26117;1604.7;VKM26117;CATEGORIA0;;1;1;0;1;;TENSOR SKF;TENSOR SKF;0;;
50;1604.7;VKM 26123;1604.7;VKM26123;CATEGORIA0;;1;1;0;1;;ROLAMENTO DISTRIBUIÇÃO;ROLAMENTO DISTRIBUIÇÃO;0;;
50;1604.7;VKM 26125;1604.7;VKM26125;CATEGORIA0;;1;1;0;1;;ROLAMENTO DISTRIBUIÇÃO;ROLAMENTO DISTRIBUIÇÃO;0;;
50;1604.7;VKM 26128;1604.7;VKM26128;CATEGORIA0;;1;1;0;1;;TENSOR SKF;TENSOR SKF;0;;
50;1604.7;VKM 26211;1604.7;VKM26211;CATEGORIA0;;1;1;0;1;;ROLAMENTO DISTRIBUIÇÃO;ROLAMENTO DISTRIBUIÇÃO;0;;
50;1604.7;VKM 26220;1604.7;VKM26220;CATEGORIA0;;1;1;0;1;;TENSOR SKF;TENSOR SKF;0;;
50;1604.7;VKM 26310;1604.7;VKM26310;CATEGORIA0;;1;1;0;1;;TENSOR SKF;TENSOR SKF;0;;
50;1604.7;VKM 26501;1604.7;VKM26501;CATEGORIA0;;1;1;0;1;;TENSOR SKF;TENSOR SKF;0;;
50;1604.7;VKM 26503;1604.7;VKM26503;CATEGORIA0;;1;1;0;1;;TENSOR SKF;TENSOR SKF;0;;
50;1604.7;VKM 26600;1604.7;VKM26600;CATEGORIA0;;1;1;0;1;;ROLAMENTO DISTRIBUIÇÃO;ROLAMENTO DISTRIBUIÇÃO;0;;
50;1604.7;VKM 26602;1604.7;VKM26602;CATEGORIA0;;1;1;0;1;;ROLAMENTO DISTRIBUIÇÃO;ROLAMENTO DISTRIBUIÇÃO;0;;
50;1604.7;VKM 27110;1604.7;VKM27110;CATEGORIA0;;1;1;0;1;;TENSOR SKF;TENSOR SKF;0;;
50;1604.7;VKM 27302;1604.7;VKM27302;CATEGORIA0;;1;1;0;1;;TENSOR SKF;TENSOR SKF;0;;
50;1604.7;VKM 27307;1604.7;VKM27307;CATEGORIA0;;1;1;0;1;;TENSOR SKF;TENSOR SKF;0;;
50;1604.7;VKM 28001;1604.7;VKM28001;CATEGORIA0;;1;1;0;1;;ROLAMENTO DISTRIBUIÇÃO;ROLAMENTO DISTRIBUIÇÃO;0;;
50;1604.7;VKM 28400;1604.7;VKM28400;CATEGORIA0;;1;1;0;1;;TENSOR SKF;TENSOR SKF;0;;
50;1604.7;VKM 28600;1604.7;VKM28600;CATEGORIA0;;1;1;0;1;;TENSOR SKF;TENSOR SKF;0;;
50;1604.7;VKM 28601;1604.7;VKM28601;CATEGORIA0;;1;1;0;1;;ROLAMENTO DISTRIBUIÇÃO;ROLAMENTO DISTRIBUIÇÃO;0;;
50;1604.7;VKM 31001;1604.7;VKM31001;CATEGORIA0;;1;1;0;1;;TENSOR SKF;TENSOR SKF;0;;
50;1604.7;VKM 31002;1604.7;VKM31002;CATEGORIA0;;1;1;0;1;;ROLAMENTO ALTERNADOR;ROLAMENTO ALTERNADOR;0;;
50;1604.7;VKM 31004;1604.7;VKM31004;CATEGORIA0;;1;1;0;1;;ROLETA ALTERN.(+);ROLETA ALTERN.(+);0;;
50;1604.7;VKM 31005;1604.7;VKM31005;CATEGORIA0;;1;1;0;1;;TENSOR SKF;TENSOR SKF;0;;
50;1604.7;VKM 31006;1604.7;VKM31006;CATEGORIA0;;1;1;0;1;;TENSOR SKF;TENSOR SKF;0;;
50;1604.7;VKM 31007;1604.7;VKM31007;CATEGORIA0;;1;1;0;1;;TENSOR SKF;TENSOR SKF;0;;
50;1604.7;VKM 31008;1604.7;VKM31008;CATEGORIA0;;1;1;0;1;;ROLAMENTO ALTERNADOR;ROLAMENTO ALTERNADOR;0;;
50;1604.7;VKM 31010;1604.7;VKM31010;CATEGORIA0;;1;1;0;1;;TENSOR SKF;TENSOR SKF;0;;
50;1604.7;VKM 31011;1604.7;VKM31011;CATEGORIA0;;1;1;0;1;;ROLAMENTO DISTRIBUIÇÃO;ROLAMENTO DISTRIBUIÇÃO;0;;
50;1604.7;VKM 31012;1604.7;VKM31012;CATEGORIA0;;1;1;0;1;;TENSOR CORREIA ALT.;TENSOR CORREIA ALT.;0;;
50;1604.7;VKM 31013;1604.7;VKM31013;CATEGORIA0;;1;1;0;1;;TENSOR ALTERNADOR *;TENSOR ALTERNADOR *;0;;
50;1604.7;VKM 31015;1604.7;VKM31015;CATEGORIA0;;1;1;0;1;;ROLAMENTO DISTRIBUIÇÃO;ROLAMENTO DISTRIBUIÇÃO;0;;
50;1604.7;VKM 31016;1604.7;VKM31016;CATEGORIA0;;1;1;0;1;;ROLAMENTO DISTRIBUIÇÃO;ROLAMENTO DISTRIBUIÇÃO;0;;
50;1604.7;VKM 31017;1604.7;VKM31017;CATEGORIA0;;1;1;0;1;;TENSOR SKF;TENSOR SKF;0;;
50;1604.7;VKM 31018;1604.7;VKM31018;CATEGORIA0;;1;1;0;1;;TENSOR ALTERNADOR;TENSOR ALTERNADOR;0;;
50;1604.7;VKM 31019;1604.7;VKM31019;CATEGORIA0;;1;1;0;1;;ROLAMENTO ALTERNADOR;ROLAMENTO ALTERNADOR;0;;
50;1604.7;VKM 31022;1604.7;VKM31022;CATEGORIA0;;1;1;0;1;;TENSOR ALTERNADOR;TENSOR ALTERNADOR;0;;
50;1604.7;VKM 31023;1604.7;VKM31023;CATEGORIA0;;1;1;0;1;;TENSOR SKF;TENSOR SKF;0;;
50;1604.7;VKM 31025;1604.7;VKM31025;CATEGORIA0;;1;1;0;1;;TENSOR SKF;TENSOR SKF;0;;
50;1604.7;VKM 31030;1604.7;VKM31030;CATEGORIA0;;1;1;0;1;;TENSOR ALTERNADOR;TENSOR ALTERNADOR;0;;
50;1604.7;VKM 31033;1604.7;VKM31033;CATEGORIA0;;1;1;0;1;;TENSOR ALTERNADOR;TENSOR ALTERNADOR;0;;
50;1604.7;VKM 31034;1604.7;VKM31034;CATEGORIA0;;1;1;0;1;;TENSOR CORREIA ALT. *;TENSOR CORREIA ALT. *;0;;
50;1604.7;VKM 31035;1604.7;VKM31035;CATEGORIA0;;1;1;0;1;;TENSOR ALTERNADOR;TENSOR ALTERNADOR;0;;
50;1604.7;VKM 31038;1604.7;VKM31038;CATEGORIA0;;1;1;0;1;;TENSOR SKF;TENSOR SKF;0;;
50;1604.7;VKM 31040;1604.7;VKM31040;CATEGORIA0;;1;1;0;1;;ROLAMENTO DISTRIBUIÇÃO;ROLAMENTO DISTRIBUIÇÃO;0;;
50;1604.7;VKM 31041;1604.7;VKM31041;CATEGORIA0;;1;1;0;1;;ROL. ALTERNADOR (+);ROL. ALTERNADOR (+);0;;
50;1604.7;VKM 31042;1604.7;VKM31042;CATEGORIA0;;1;1;0;1;;TENSOR SKF;TENSOR SKF;0;;
50;1604.7;VKM 31044;1604.7;VKM31044;CATEGORIA0;;1;1;0;1;;ROLAMENTO ALTERNADOR;ROLAMENTO ALTERNADOR;0;;
50;1604.7;VKM 31047;1604.7;VKM31047;CATEGORIA0;;1;1;0;1;;TENSOR SKF;TENSOR SKF;0;;
50;1604.7;VKM 31054;1604.7;VKM31054;CATEGORIA0;;1;1;0;1;;ROLAMENTO DISTRIBUIÇÃO;ROLAMENTO DISTRIBUIÇÃO;0;;
50;1604.7;VKM 31057;1604.7;VKM31057;CATEGORIA0;;1;1;0;1;;TENSOR SKF;TENSOR SKF;0;;
50;1604.7;VKM 31058;1604.7;VKM31058;CATEGORIA0;;1;1;0;1;;ROLAMENTO ALTERNADOR;ROLAMENTO ALTERNADOR;0;;
50;1604.7;VKM 31059;1604.7;VKM31059;CATEGORIA0;;1;1;0;1;;TENSOR ALTERN.(+);TENSOR ALTERN.(+);0;;
50;1604.7;VKM 31061;1604.7;VKM31061;CATEGORIA0;;1;1;0;1;;TENSOR SKF;TENSOR SKF;0;;
50;1604.7;VKM 31062;1604.7;VKM31062;CATEGORIA0;;1;1;0;1;;TENSOR SKF;TENSOR SKF;0;;
50;1604.7;VKM 31063;1604.7;VKM31063;CATEGORIA0;;1;1;0;1;;TENSOR SKF;TENSOR SKF;0;;
50;1604.7;VKM 31064;1604.7;VKM31064;CATEGORIA0;;1;1;0;1;;TENSOR SKF;TENSOR SKF;0;;
50;1604.7;VKM 31065;1604.7;VKM31065;CATEGORIA0;;1;1;0;1;;TENSOR SKF;TENSOR SKF;0;;
50;1604.7;VKM 31066;1604.7;VKM31066;CATEGORIA0;;1;1;0;1;;TENSOR SKF;TENSOR SKF;0;;
50;1604.7;VKM 31098;1604.7;VKM31098;CATEGORIA0;;1;1;0;1;;TENSOR SKF;TENSOR SKF;0;;
50;1604.7;VKM 31099;1604.7;VKM31099;CATEGORIA0;;1;1;0;1;;TENSOR SKF;TENSOR SKF;0;;
50;1604.7;VKM 31104;1604.7;VKM31104;CATEGORIA0;;1;1;0;1;;TENSOR SKF;TENSOR SKF;0;;
50;1604.7;VKM 31115;1604.7;VKM31115;CATEGORIA0;;1;1;0;1;;TENSOR SKF;TENSOR SKF;0;;
50;1604.7;VKM 31116;1604.7;VKM31116;CATEGORIA0;;1;1;0;1;;TENSOR SKF;TENSOR SKF;0;;
50;1604.7;VKM 31125;1604.7;VKM31125;CATEGORIA0;;1;1;0;1;;TENSOR SKF;TENSOR SKF;0;;
50;1604.7;VKM 31130;1604.7;VKM31130;CATEGORIA0;;1;1;0;1;;TENSOR SKF;TENSOR SKF;0;;
50;1604.7;VKM 31153;1604.7;VKM31153;CATEGORIA0;;1;1;0;1;;TENSOR SKF;TENSOR SKF;0;;
50;1604.7;VKM 31160;1604.7;VKM31160;CATEGORIA0;;1;1;0;1;;TENSOR SKF;TENSOR SKF;0;;
50;1604.7;VKM 31207;1604.7;VKM31207;CATEGORIA0;;1;1;0;1;;ROLAMENTO DISTRIBUIÇÃO;ROLAMENTO DISTRIBUIÇÃO;0;;
50;1604.7;VKM 31210;1604.7;VKM31210;CATEGORIA0;;1;1;0;1;;TENSOR SKF;TENSOR SKF;0;;
50;1604.7;VKM 31211;1604.7;VKM31211;CATEGORIA0;;1;1;0;1;;TENSOR SKF;TENSOR SKF;0;;
50;1604.7;VKM 31218;1604.7;VKM31218;CATEGORIA0;;1;1;0;1;;TENSOR SKF;TENSOR SKF;0;;
50;1604.7;VKM 31220;1604.7;VKM31220;CATEGORIA0;;1;1;0;1;;ROLAMENTO DISTRIBUIÇÃO;ROLAMENTO DISTRIBUIÇÃO;0;;
50;1604.7;VKM 31221;1604.7;VKM31221;CATEGORIA0;;1;1;0;1;;TENSOR SKF;TENSOR SKF;0;;
50;1604.7;VKM 31223;1604.7;VKM31223;CATEGORIA0;;1;1;0;1;;TENSOR SKF;TENSOR SKF;0;;
50;1604.7;VKM 31227;1604.7;VKM31227;CATEGORIA0;;1;1;0;1;;TENSOR SKF;TENSOR SKF;0;;
50;1604.7;VKM 31231;1604.7;VKM31231;CATEGORIA0;;1;1;0;1;;TENSOR SKF;TENSOR SKF;0;;
50;1604.7;VKM 31240;1604.7;VKM31240;CATEGORIA0;;1;1;0;1;;TENSOR SKF;TENSOR SKF;0;;
50;1604.7;VKM 31270;1604.7;VKM31270;CATEGORIA0;;1;1;0;1;;TENSOR SKF;TENSOR SKF;0;;
50;1604.7;VKM 31271;1604.7;VKM31271;CATEGORIA0;;1;1;0;1;;TENSOR SKF;TENSOR SKF;0;;
50;1604.7;VKM 31280;1604.7;VKM31280;CATEGORIA0;;1;1;0;1;;TENSOR SKF;TENSOR SKF;0;;
50;1604.7;VKM 31300;1604.7;VKM31300;CATEGORIA0;;1;1;0;1;;TENSOR SKF;TENSOR SKF;0;;
50;1604.7;VKM 31301;1604.7;VKM31301;CATEGORIA0;;1;1;0;1;;TENSOR SKF;TENSOR SKF;0;;
50;1604.7;VKM 31303;1604.7;VKM31303;CATEGORIA0;;1;1;0;1;;ROLAMENTO DISTRIBUIÇÃO;ROLAMENTO DISTRIBUIÇÃO;0;;
50;1604.7;VKM 31307;1604.7;VKM31307;CATEGORIA0;;1;1;0;1;;TENSOR SKF;TENSOR SKF;0;;
50;1604.7;VKM 31310;1604.7;VKM31310;CATEGORIA0;;1;1;0;1;;TENSOR SKF;TENSOR SKF;0;;
50;1604.7;VKM 31312;1604.7;VKM31312;CATEGORIA0;;1;1;0;1;;TENSOR SKF;TENSOR SKF;0;;
50;1604.7;VKM 31315;1604.7;VKM31315;CATEGORIA0;;1;1;0;1;;TENSOR SKF;TENSOR SKF;0;;
50;1604.7;VKM 31318;1604.7;VKM31318;CATEGORIA0;;1;1;0;1;;TENSOR SKF;TENSOR SKF;0;;
50;1604.7;VKM 31338;1604.7;VKM31338;CATEGORIA0;;1;1;0;1;;TENSOR SKF;TENSOR SKF;0;;
50;1604.7;VKM 31401;1604.7;VKM31401;CATEGORIA0;;1;1;0;1;;TENSOR SKF;TENSOR SKF;0;;
50;1604.7;VKM 32001;1604.7;VKM32001;CATEGORIA0;;1;1;0;1;;ROLAMENTO ALTERNADOR;ROLAMENTO ALTERNADOR;0;;
50;1604.7;VKM 32004;1604.7;VKM32004;CATEGORIA0;;1;1;0;1;;TENSOR SKF;TENSOR SKF;0;;
50;1604.7;VKM 32005;1604.7;VKM32005;CATEGORIA0;;1;1;0;1;;TENSOR SKF;TENSOR SKF;0;;
50;1604.7;VKM 32006;1604.7;VKM32006;CATEGORIA0;;1;1;0;1;;ROLAMENTO DISTRIBUIÇÃO;ROLAMENTO DISTRIBUIÇÃO;0;;
50;1604.7;VKM 32007;1604.7;VKM32007;CATEGORIA0;;1;1;0;1;;TENSOR SKF;TENSOR SKF;0;;
50;1604.7;VKM 32008;1604.7;VKM32008;CATEGORIA0;;1;1;0;1;;ROLAMENTO DISTRIBUIÇÃO;ROLAMENTO DISTRIBUIÇÃO;0;;
50;1604.7;VKM 32016;1604.7;VKM32016;CATEGORIA0;;1;1;0;1;;TENSOR SKF;TENSOR SKF;0;;
50;1604.7;VKM 32020;1604.7;VKM32020;CATEGORIA0;;1;1;0;1;;TENSOR SKF;TENSOR SKF;0;;
50;1604.7;VKM 32022;1604.7;VKM32022;CATEGORIA0;;1;1;0;1;;TENSOR SKF;TENSOR SKF;0;;
50;1604.7;VKM 32023;1604.7;VKM32023;CATEGORIA0;;1;1;0;1;;ROLAMENTO DISTRIBUIÇÃO;ROLAMENTO DISTRIBUIÇÃO;0;;
50;1604.7;VKM 32024;1604.7;VKM32024;CATEGORIA0;;1;1;0;1;;TENSOR SKF;TENSOR SKF;0;;
50;1604.7;VKM 32025;1604.7;VKM32025;CATEGORIA0;;1;1;0;1;;TENSOR SKF;TENSOR SKF;0;;
50;1604.7;VKM 32026;1604.7;VKM32026;CATEGORIA0;;1;1;0;1;;TENSOR SKF;TENSOR SKF;0;;
50;1604.7;VKM 32027;1604.7;VKM32027;CATEGORIA0;;1;1;0;1;;ROLAMENTO DISTRIBUIÇÃO;ROLAMENTO DISTRIBUIÇÃO;0;;
50;1604.7;VKM 32030;1604.7;VKM32030;CATEGORIA0;;1;1;0;1;;ROLAMENTO DISTRIBUIÇÃO;ROLAMENTO DISTRIBUIÇÃO;0;;
50;1604.7;VKM 32031;1604.7;VKM32031;CATEGORIA0;;1;1;0;1;;TENSOR SKF;TENSOR SKF;0;;
50;1604.7;VKM 32034;1604.7;VKM32034;CATEGORIA0;;1;1;0;1;;TENSOR SKF;TENSOR SKF;0;;
50;1604.7;VKM 32036;1604.7;VKM32036;CATEGORIA0;;1;1;0;1;;TENSOR SKF;TENSOR SKF;0;;
50;1604.7;VKM 32045;1604.7;VKM32045;CATEGORIA0;;1;1;0;1;;TENSOR SKF;TENSOR SKF;0;;
50;1604.7;VKM 32046;1604.7;VKM32046;CATEGORIA0;;1;1;0;1;;TENSOR ALTERNADOR;TENSOR ALTERNADOR;0;;
50;1604.7;VKM 32048;1604.7;VKM32048;CATEGORIA0;;1;1;0;1;;ROLAMENTO DISTRIBUIÇÃO;ROLAMENTO DISTRIBUIÇÃO;0;;
50;1604.7;VKM 32050;1604.7;VKM32050;CATEGORIA0;;1;1;0;1;;TENSOR SKF;TENSOR SKF;0;;
50;1604.7;VKM 32051;1604.7;VKM32051;CATEGORIA0;;1;1;0;1;;TENSOR SKF;TENSOR SKF;0;;
50;1604.7;VKM 32080;1604.7;VKM32080;CATEGORIA0;;1;1;0;1;;ROLAMENTO DISTRIBUIÇÃO;ROLAMENTO DISTRIBUIÇÃO;0;;
50;1604.7;VKM 32082;1604.7;VKM32082;CATEGORIA0;;1;1;0;1;;TENSOR SKF;TENSOR SKF;0;;
50;1604.7;VKM 32083;1604.7;VKM32083;CATEGORIA0;;1;1;0;1;;TENSOR SKF;TENSOR SKF;0;;
50;1604.7;VKM 32091;1604.7;VKM32091;CATEGORIA0;;1;1;0;1;;TENSOR SKF;TENSOR SKF;0;;
50;1604.7;VKM 32093;1604.7;VKM32093;CATEGORIA0;;1;1;0;1;;ROLAMENTO DISTRIBUIÇÃO;ROLAMENTO DISTRIBUIÇÃO;0;;
50;1604.7;VKM 32105;1604.7;VKM32105;CATEGORIA0;;1;1;0;1;;TENSOR SKF;TENSOR SKF;0;;
50;1604.7;VKM 32110;1604.7;VKM32110;CATEGORIA0;;1;1;0;1;;TENSOR SKF;TENSOR SKF;0;;
50;1604.7;VKM 32184;1604.7;VKM32184;CATEGORIA0;;1;1;0;1;;TENSOR SKF;TENSOR SKF;0;;
50;1604.7;VKM 32184-1;1604.7;VKM32184-1;CATEGORIA0;;1;1;0;1;;TENSOR SKF;TENSOR SKF;0;;
50;1604.7;VKM 32200;1604.7;VKM32200;CATEGORIA0;;1;1;0;1;;TENSOR SKF;TENSOR SKF;0;;
50;1604.7;VKM 32200-1;1604.7;VKM32200-1;CATEGORIA0;;1;1;0;1;;TENSOR SKF;TENSOR SKF;0;;
50;1604.7;VKM 32202;1604.7;VKM32202;CATEGORIA0;;1;1;0;1;;TENSOR SKF;TENSOR SKF;0;;
50;1604.7;VKM 32235;1604.7;VKM32235;CATEGORIA0;;1;1;0;1;;ROLAMENTO DISTRIBUIÇÃO;ROLAMENTO DISTRIBUIÇÃO;0;;
50;1604.7;VKM 32242;1604.7;VKM32242;CATEGORIA0;;1;1;0;1;;ROLAMENTO DISTRIBUIÇÃO;ROLAMENTO DISTRIBUIÇÃO;0;;
50;1604.7;VKM 32243;1604.7;VKM32243;CATEGORIA0;;1;1;0;1;;ROLAMENTO DISTRIBUIÇÃO;ROLAMENTO DISTRIBUIÇÃO;0;;
50;1604.7;VKM 32301;1604.7;VKM32301;CATEGORIA0;;1;1;0;1;;TENSOR SKF;TENSOR SKF;0;;
50;1604.7;VKM 33002;1604.7;VKM33002;CATEGORIA0;;1;1;0;1;;ROLAMENTO ALTERNADOR;ROLAMENTO ALTERNADOR;0;;
50;1604.7;VKM 33003;1604.7;VKM33003;CATEGORIA0;;1;1;0;1;;TENSOR SKF;TENSOR SKF;0;;
50;1604.7;VKM 33007;1604.7;VKM33007;CATEGORIA0;;1;1;0;1;;ROLAMENTO SKF;ROLAMENTO SKF;0;;
50;1604.7;VKM 33009;1604.7;VKM33009;CATEGORIA0;;1;1;0;1;;TENSOR SKF;TENSOR SKF;0;;
50;1604.7;VKM 33012;1604.7;VKM33012;CATEGORIA0;;1;1;0;1;;ROLAMENTO ALTERNADOR;ROLAMENTO ALTERNADOR;0;;
50;1604.7;VKM 33013;1604.7;VKM33013;CATEGORIA0;;1;1;0;1;;ROLAMENTO ALTERNADOR;ROLAMENTO ALTERNADOR;0;;
50;1604.7;VKM 33015;1604.7;VKM33015;CATEGORIA0;;1;1;0;1;;TENSOR SKF;TENSOR SKF;0;;
50;1604.7;VKM 33016;1604.7;VKM33016;CATEGORIA0;;1;1;0;1;;ROLAMENTO TENSOR;ROLAMENTO TENSOR;0;;
50;1604.7;VKM 33017;1604.7;VKM33017;CATEGORIA0;;1;1;0;1;;TENSOR SKF;TENSOR SKF;0;;
50;1604.7;VKM 33018;1604.7;VKM33018;CATEGORIA0;;1;1;0;1;;TENSOR SKF;TENSOR SKF;0;;
50;1604.7;VKM 33019;1604.7;VKM33019;CATEGORIA0;;1;1;0;1;;TENSOR SKF;TENSOR SKF;0;;
50;1604.7;VKM 33020;1604.7;VKM33020;CATEGORIA0;;1;1;0;1;;ROLAMENTO DISTRIBUIÇÃO;ROLAMENTO DISTRIBUIÇÃO;0;;
50;1604.7;VKM 33021;1604.7;VKM33021;CATEGORIA0;;1;1;0;1;;TENSOR SKF;TENSOR SKF;0;;
50;1604.7;VKM 33023;1604.7;VKM33023;CATEGORIA0;;1;1;0;1;;ROLAMENTO DISTRIBUIÇÃO;ROLAMENTO DISTRIBUIÇÃO;0;;
50;1604.7;VKM 33024;1604.7;VKM33024;CATEGORIA0;;1;1;0;1;;TENSOR SKF;TENSOR SKF;0;;
50;1604.7;VKM 33026;1604.7;VKM33026;CATEGORIA0;;1;1;0;1;;TENSOR SKF;TENSOR SKF;0;;
50;1604.7;VKM 33028;1604.7;VKM33028;CATEGORIA0;;1;1;0;1;;TENSOR SKF;TENSOR SKF;0;;
50;1604.7;VKM 33029;1604.7;VKM33029;CATEGORIA0;;1;1;0;1;;TENSOR ALTERNADOR;TENSOR ALTERNADOR;0;;
50;1604.7;VKM 33031;1604.7;VKM33031;CATEGORIA0;;1;1;0;1;;TENSOR SKF;TENSOR SKF;0;;
50;1604.7;VKM 33032;1604.7;VKM33032;CATEGORIA0;;1;1;0;1;;TENSOR SKF;TENSOR SKF;0;;
50;1604.7;VKM 33033;1604.7;VKM33033;CATEGORIA0;;1;1;0;1;;ROLAMENTO DISTRIBUIÇÃO;ROLAMENTO DISTRIBUIÇÃO;0;;
50;1604.7;VKM 33034;1604.7;VKM33034;CATEGORIA0;;1;1;0;1;;TENSOR SKF;TENSOR SKF;0;;
50;1604.7;VKM 33035;1604.7;VKM33035;CATEGORIA0;;1;1;0;1;;ROLAMENTO DIST. = 55935;ROLAMENTO DIST. = 55935;0;;
50;1604.7;VKM 33036;1604.7;VKM33036;CATEGORIA0;;1;1;0;1;;TENSOR SKF;TENSOR SKF;0;;
50;1604.7;VKM 33037;1604.7;VKM33037;CATEGORIA0;;1;1;0;1;;TENSOR ALTERNADOR;TENSOR ALTERNADOR;0;;
50;1604.7;VKM 33038;1604.7;VKM33038;CATEGORIA0;;1;1;0;1;;ROLAMENTO DISTRIBUIÇÃO;ROLAMENTO DISTRIBUIÇÃO;0;;
50;1604.7;VKM 33039;1604.7;VKM33039;CATEGORIA0;;1;1;0;1;;TENSOR SKF;TENSOR SKF;0;;
50;1604.7;VKM 33040;1604.7;VKM33040;CATEGORIA0;;1;1;0;1;;ROLAMENTO TENSOR;ROLAMENTO TENSOR;0;;
50;1604.7;VKM 33042;1604.7;VKM33042;CATEGORIA0;;1;1;0;1;;TENSOR SKF;TENSOR SKF;0;;
50;1604.7;VKM 33043;1604.7;VKM33043;CATEGORIA0;;1;1;0;1;;TENSOR ALTERNADOR;TENSOR ALTERNADOR;0;;
50;1604.7;VKM 33044;1604.7;VKM33044;CATEGORIA0;;1;1;0;1;;ROLAMENTO DISTRIBUIÇÃO;ROLAMENTO DISTRIBUIÇÃO;0;;
50;1604.7;VKM 33045;1604.7;VKM33045;CATEGORIA0;;1;1;0;1;;TENSOR SKF;TENSOR SKF;0;;
50;1604.7;VKM 33046;1604.7;VKM33046;CATEGORIA0;;1;1;0;1;;TENSOR SKF;TENSOR SKF;0;;
50;1604.7;VKM 33047;1604.7;VKM33047;CATEGORIA0;;1;1;0;1;;TENSOR SKF;TENSOR SKF;0;;
50;1604.7;VKM 33048;1604.7;VKM33048;CATEGORIA0;;1;1;0;1;;TENSOR SKF;TENSOR SKF;0;;
50;1604.7;VKM 33050;1604.7;VKM33050;CATEGORIA0;;1;1;0;1;;ROLAMENTO DISTRIBUIÇÃO;ROLAMENTO DISTRIBUIÇÃO;0;;
50;1604.7;VKM 33060;1604.7;VKM33060;CATEGORIA0;;1;1;0;1;;ROLAMENTO ALTERNADOR;ROLAMENTO ALTERNADOR;0;;
50;1604.7;VKM 33061;1604.7;VKM33061;CATEGORIA0;;1;1;0;1;;TENSOR ALTERNADOR;TENSOR ALTERNADOR;0;;
50;1604.7;VKM 33062;1604.7;VKM33062;CATEGORIA0;;1;1;0;1;;TENSOR SKF;TENSOR SKF;0;;
50;1604.7;VKM 33063;1604.7;VKM33063;CATEGORIA0;;1;1;0;1;;TENSOR SKF;TENSOR SKF;0;;
50;1604.7;VKM 33069;1604.7;VKM33069;CATEGORIA0;;1;1;0;1;;TENSOR SKF;TENSOR SKF;0;;
50;1604.7;VKM 33074;1604.7;VKM33074;CATEGORIA0;;1;1;0;1;;TENSOR ALTERNADOR;TENSOR ALTERNADOR;0;;
50;1604.7;VKM 33075;1604.7;VKM33075;CATEGORIA0;;1;1;0;1;;TENSOR SKF;TENSOR SKF;0;;
50;1604.7;VKM 33076;1604.7;VKM33076;CATEGORIA0;;1;1;0;1;;TENSOR SKF;TENSOR SKF;0;;
50;1604.7;VKM 33077;1604.7;VKM33077;CATEGORIA0;;1;1;0;1;;TENSOR SKF;TENSOR SKF;0;;
50;1604.7;VKM 33100;1604.7;VKM33100;CATEGORIA0;;1;1;0;1;;ROL. ALTERNADOR;ROL. ALTERNADOR;0;;
50;1604.7;VKM 33101;1604.7;VKM33101;CATEGORIA0;;1;1;0;1;;TENSOR CORREIA ALT.;TENSOR CORREIA ALT.;0;;
50;1604.7;VKM 33110;1604.7;VKM33110;CATEGORIA0;;1;1;0;1;;TENSOR SKF;TENSOR SKF;0;;
50;1604.7;VKM 33111;1604.7;VKM33111;CATEGORIA0;;1;1;0;1;;TENSOR SKF;TENSOR SKF;0;;
50;1604.7;VKM 33112;1604.7;VKM33112;CATEGORIA0;;1;1;0;1;;TENSOR SKF;TENSOR SKF;0;;
50;1604.7;VKM 33113;1604.7;VKM33113;CATEGORIA0;;1;1;0;1;;TENSOR SKF;TENSOR SKF;0;;
50;1604.7;VKM 33130;1604.7;VKM33130;CATEGORIA0;;1;1;0;1;;TENSOR SKF;TENSOR SKF;0;;
50;1604.7;VKM 33131;1604.7;VKM33131;CATEGORIA0;;1;1;0;1;;ROLAMENTO SKF;ROLAMENTO SKF;0;;
50;1604.7;VKM 33132;1604.7;VKM33132;CATEGORIA0;;1;1;0;1;;TENSOR SKF;TENSOR SKF;0;;
50;1604.7;VKM 33133;1604.7;VKM33133;CATEGORIA0;;1;1;0;1;;TENSOR SKF;TENSOR SKF;0;;
50;1604.7;VKM 33161;1604.7;VKM33161;CATEGORIA0;;1;1;0;1;;ROLAMENTO DISTRIBUIÇÃO;ROLAMENTO DISTRIBUIÇÃO;0;;
50;1604.7;VKM 33164;1604.7;VKM33164;CATEGORIA0;;1;1;0;1;;TENSOR SKF;TENSOR SKF;0;;
50;1604.7;VKM 33205;1604.7;VKM33205;CATEGORIA0;;1;1;0;1;;TENSOR SKF;TENSOR SKF;0;;
50;1604.7;VKM 33206;1604.7;VKM33206;CATEGORIA0;;1;1;0;1;;TENSOR SKF;TENSOR SKF;0;;
50;1604.7;VKM 33208;1604.7;VKM33208;CATEGORIA0;;1;1;0;1;;TENSOR SKF;TENSOR SKF;0;;
50;1604.7;VKM 33300;1604.7;VKM33300;CATEGORIA0;;1;1;0;1;;TENSOR SKF;TENSOR SKF;0;;
50;1604.7;VKM 33309;1604.7;VKM33309;CATEGORIA0;;1;1;0;1;;TENSOR SKF;TENSOR SKF;0;;
50;1604.7;VKM 33311;1604.7;VKM33311;CATEGORIA0;;1;1;0;1;;TENSOR SKF;TENSOR SKF;0;;
50;1604.7;VKM 33313;1604.7;VKM33313;CATEGORIA0;;1;1;0;1;;TENSOR SKF;TENSOR SKF;0;;
50;1604.7;VKM 33314;1604.7;VKM33314;CATEGORIA0;;1;1;0;1;;TENSOR SKF;TENSOR SKF;0;;
50;1604.7;VKM 33316;1604.7;VKM33316;CATEGORIA0;;1;1;0;1;;TENSOR SKF;TENSOR SKF;0;;
50;1604.7;VKM 33320;1604.7;VKM33320;CATEGORIA0;;1;1;0;1;;TENSOR ALTERNADOR;TENSOR ALTERNADOR;0;;
50;1604.7;VKM 33328;1604.7;VKM33328;CATEGORIA0;;1;1;0;1;;TENSOR SKF;TENSOR SKF;0;;
50;1604.7;VKM 33329;1604.7;VKM33329;CATEGORIA0;;1;1;0;1;;TENSOR SKF;TENSOR SKF;0;;
50;1604.7;VKM 33331;1604.7;VKM33331;CATEGORIA0;;1;1;0;1;;TENSOR SKF;TENSOR SKF;0;;
50;1604.7;VKM 33400;1604.7;VKM33400;CATEGORIA0;;1;1;0;1;;TENSOR SKF;TENSOR SKF;0;;
50;1604.7;VKM 33406;1604.7;VKM33406;CATEGORIA0;;1;1;0;1;;TENSOR SKF;TENSOR SKF;0;;
50;1604.7;VKM 33407;1604.7;VKM33407;CATEGORIA0;;1;1;0;1;;TENSOR SKF;TENSOR SKF;0;;
50;1604.7;VKM 34003;1604.7;VKM34003;CATEGORIA0;;1;1;0;1;;ROLAMENTO TENSOR;ROLAMENTO TENSOR;0;;
50;1604.7;VKM 34004;1604.7;VKM34004;CATEGORIA0;;1;1;0;1;;ROLAMENTO TENSOR;ROLAMENTO TENSOR;0;;
50;1604.7;VKM 34005;1604.7;VKM34005;CATEGORIA0;;1;1;0;1;;TENSOR ALTERNADOR;TENSOR ALTERNADOR;0;;
50;1604.7;VKM 34007;1604.7;VKM34007;CATEGORIA0;;1;1;0;1;;ROLAMENTO TENSOR;ROLAMENTO TENSOR;0;;
50;1604.7;VKM 34008;1604.7;VKM34008;CATEGORIA0;;1;1;0;1;;TENSOR ALT.;TENSOR ALT.;0;;
50;1604.7;VKM 34010;1604.7;VKM34010;CATEGORIA0;;1;1;0;1;;TENSOR SKF;TENSOR SKF;0;;
50;1604.7;VKM 34012;1604.7;VKM34012;CATEGORIA0;;1;1;0;1;;TENSOR SKF;TENSOR SKF;0;;
50;1604.7;VKM 34013;1604.7;VKM34013;CATEGORIA0;;1;1;0;1;;TENSOR SKF;TENSOR SKF;0;;
50;1604.7;VKM 34014;1604.7;VKM34014;CATEGORIA0;;1;1;0;1;;TENSOR SKF;TENSOR SKF;0;;
50;1604.7;VKM 34018;1604.7;VKM34018;CATEGORIA0;;1;1;0;1;;ROLAMENTO ALTERNADOR;ROLAMENTO ALTERNADOR;0;;
50;1604.7;VKM 34023;1604.7;VKM34023;CATEGORIA0;;1;1;0;1;;TENSOR SKF;TENSOR SKF;0;;
50;1604.7;VKM 34025;1604.7;VKM34025;CATEGORIA0;;1;1;0;1;;ROLAMENTO DISTRIBUIÇÃO;ROLAMENTO DISTRIBUIÇÃO;0;;
50;1604.7;VKM 34027;1604.7;VKM34027;CATEGORIA0;;1;1;0;1;;TENSOR SKF;TENSOR SKF;0;;
50;1604.7;VKM 34030;1604.7;VKM34030;CATEGORIA0;;1;1;0;1;;TENSOR SKF;TENSOR SKF;0;;
50;1604.7;VKM 34031;1604.7;VKM34031;CATEGORIA0;;1;1;0;1;;TENSOR SKF;TENSOR SKF;0;;
50;1604.7;VKM 34032;1604.7;VKM34032;CATEGORIA0;;1;1;0;1;;ROLAMENTO TENSOR = 55256;ROLAMENTO TENSOR = 55256;0;;
50;1604.7;VKM 34033;1604.7;VKM34033;CATEGORIA0;;1;1;0;1;;TENSOR SKF;TENSOR SKF;0;;
50;1604.7;VKM 34034;1604.7;VKM34034;CATEGORIA0;;1;1;0;1;;ROLETA ALTERNADOR;ROLETA ALTERNADOR;0;;
50;1604.7;VKM 34042;1604.7;VKM34042;CATEGORIA0;;1;1;0;1;;ROLAMENTO DISTRIBUIÇÃO;ROLAMENTO DISTRIBUIÇÃO;0;;
50;1604.7;VKM 34043;1604.7;VKM34043;CATEGORIA0;;1;1;0;1;;ROLAMENTO DISTRIBUIÇÃO;ROLAMENTO DISTRIBUIÇÃO;0;;
50;1604.7;VKM 34044;1604.7;VKM34044;CATEGORIA0;;1;1;0;1;;TENSOR SKF;TENSOR SKF;0;;
50;1604.7;VKM 34047;1604.7;VKM34047;CATEGORIA0;;1;1;0;1;;TENSOR SKF;TENSOR SKF;0;;
50;1604.7;VKM 34048;1604.7;VKM34048;CATEGORIA0;;1;1;0;1;;TENSOR SKF;TENSOR SKF;0;;
50;1604.7;VKM 34050;1604.7;VKM34050;CATEGORIA0;;1;1;0;1;;TENSOR SKF;TENSOR SKF;0;;
50;1604.7;VKM 34052;1604.7;VKM34052;CATEGORIA0;;1;1;0;1;;TENSOR SKF;TENSOR SKF;0;;
50;1604.7;VKM 34053;1604.7;VKM34053;CATEGORIA0;;1;1;0;1;;TENSOR SKF;TENSOR SKF;0;;
50;1604.7;VKM 34054;1604.7;VKM34054;CATEGORIA0;;1;1;0;1;;TENSOR SKF;TENSOR SKF;0;;
50;1604.7;VKM 34061;1604.7;VKM34061;CATEGORIA0;;1;1;0;1;;TENSOR SKF;TENSOR SKF;0;;
50;1604.7;VKM 34071;1604.7;VKM34071;CATEGORIA0;;1;1;0;1;;TENSOR SKF;TENSOR SKF;0;;
50;1604.7;VKM 34072;1604.7;VKM34072;CATEGORIA0;;1;1;0;1;;TENSOR SKF;TENSOR SKF;0;;
50;1604.7;VKM 34102;1604.7;VKM34102;CATEGORIA0;;1;1;0;1;;TENSOR SKF;TENSOR SKF;0;;
50;1604.7;VKM 34105;1604.7;VKM34105;CATEGORIA0;;1;1;0;1;;TENSOR SKF;TENSOR SKF;0;;
50;1604.7;VKM 34106;1604.7;VKM34106;CATEGORIA0;;1;1;0;1;;TENSOR SKF;TENSOR SKF;0;;
50;1604.7;VKM 34107;1604.7;VKM34107;CATEGORIA0;;1;1;0;1;;TENSOR SKF;TENSOR SKF;0;;
50;1604.7;VKM 34108;1604.7;VKM34108;CATEGORIA0;;1;1;0;1;;ROLAMENTO ALTERNADOR;ROLAMENTO ALTERNADOR;0;;
50;1604.7;VKM 34110;1604.7;VKM34110;CATEGORIA0;;1;1;0;1;;TENSOR SKF;TENSOR SKF;0;;
50;1604.7;VKM 34111;1604.7;VKM34111;CATEGORIA0;;1;1;0;1;;TENSOR SKF;TENSOR SKF;0;;
50;1604.7;VKM 34119;1604.7;VKM34119;CATEGORIA0;;1;1;0;1;;TENSOR SKF;TENSOR SKF;0;;
50;1604.7;VKM 34120;1604.7;VKM34120;CATEGORIA0;;1;1;0;1;;TENSOR SKF;TENSOR SKF;0;;
50;1604.7;VKM 34132;1604.7;VKM34132;CATEGORIA0;;1;1;0;1;;TENSOR SKF;TENSOR SKF;0;;
50;1604.7;VKM 34153;1604.7;VKM34153;CATEGORIA0;;1;1;0;1;;TENSOR SKF;TENSOR SKF;0;;
50;1604.7;VKM 34200;1604.7;VKM34200;CATEGORIA0;;1;1;0;1;;TENSOR SKF;TENSOR SKF;0;;
50;1604.7;VKM 34215;1604.7;VKM34215;CATEGORIA0;;1;1;0;1;;TENSOR SKF;TENSOR SKF;0;;
50;1604.7;VKM 34219;1604.7;VKM34219;CATEGORIA0;;1;1;0;1;;TENSOR SKF;TENSOR SKF;0;;
50;1604.7;VKM 34231;1604.7;VKM34231;CATEGORIA0;;1;1;0;1;;TENSOR SKF;TENSOR SKF;0;;
50;1604.7;VKM 34500;1604.7;VKM34500;CATEGORIA0;;1;1;0;1;;ROLAMENTO ALTERNADOR;ROLAMENTO ALTERNADOR;0;;
50;1604.7;VKM 34501;1604.7;VKM34501;CATEGORIA0;;1;1;0;1;;TENSOR SKF;TENSOR SKF;0;;
50;1604.7;VKM 34502;1604.7;VKM34502;CATEGORIA0;;1;1;0;1;;TENSOR SKF;TENSOR SKF;0;;
50;1604.7;VKM 34503;1604.7;VKM34503;CATEGORIA0;;1;1;0;1;;TENSOR SKF;TENSOR SKF;0;;
50;1604.7;VKM 34504;1604.7;VKM34504;CATEGORIA0;;1;1;0;1;;TENSOR SKF;TENSOR SKF;0;;
50;1604.7;VKM 34510;1604.7;VKM34510;CATEGORIA0;;1;1;0;1;;TENSOR SKF;TENSOR SKF;0;;
50;1604.7;VKM 34700;1604.7;VKM34700;CATEGORIA0;;1;1;0;1;;TENSOR ALT.(+);TENSOR ALT.(+);0;;
50;1604.7;VKM 34701;1604.7;VKM34701;CATEGORIA0;;1;1;0;1;;ROLAMENTO DISTRIBUIÇÃO;ROLAMENTO DISTRIBUIÇÃO;0;;
50;1604.7;VKM 34702;1604.7;VKM34702;CATEGORIA0;;1;1;0;1;;TENSOR ALT.;TENSOR ALT.;0;;
50;1604.7;VKM 34704;1604.7;VKM34704;CATEGORIA0;;1;1;0;1;;TENSOR SKF;TENSOR SKF;0;;
50;1604.7;VKM 34708;1604.7;VKM34708;CATEGORIA0;;1;1;0;1;;TENSOR SKF;TENSOR SKF;0;;
50;1604.7;VKM 34712;1604.7;VKM34712;CATEGORIA0;;1;1;0;1;;TENSOR SKF;TENSOR SKF;0;;
50;1604.7;VKM 34714;1604.7;VKM34714;CATEGORIA0;;1;1;0;1;;TENSOR SKF;TENSOR SKF;0;;
50;1604.7;VKM 35006;1604.7;VKM35006;CATEGORIA0;;1;1;0;1;;TENSOR SKF;TENSOR SKF;0;;
50;1604.7;VKM 35007;1604.7;VKM35007;CATEGORIA0;;1;1;0;1;;ROLAMENTO ALTERNADOR;ROLAMENTO ALTERNADOR;0;;
50;1604.7;VKM 35008;1604.7;VKM35008;CATEGORIA0;;1;1;0;1;;ROLAMENTO DISTRIBUIÇÃO;ROLAMENTO DISTRIBUIÇÃO;0;;
50;1604.7;VKM 35009;1604.7;VKM35009;CATEGORIA0;;1;1;0;1;;TENSOR SKF;TENSOR SKF;0;;
50;1604.7;VKM 35011;1604.7;VKM35011;CATEGORIA0;;1;1;0;1;;TENSOR SKF;TENSOR SKF;0;;
50;1604.7;VKM 35012;1604.7;VKM35012;CATEGORIA0;;1;1;0;1;;TENSOR SKF;TENSOR SKF;0;;
50;1604.7;VKM 35013;1604.7;VKM35013;CATEGORIA0;;1;1;0;1;;ROLAMENTO DISTRIBUIÇÃO;ROLAMENTO DISTRIBUIÇÃO;0;;
50;1604.7;VKM 35014;1604.7;VKM35014;CATEGORIA0;;1;1;0;1;;TENSOR SKF;TENSOR SKF;0;;
50;1604.7;VKM 35015;1604.7;VKM35015;CATEGORIA0;;1;1;0;1;;ROLAMENTO ALTERN.;ROLAMENTO ALTERN.;0;;
50;1604.7;VKM 35016;1604.7;VKM35016;CATEGORIA0;;1;1;0;1;;ROLAMENTO DISTRIBUIÇÃO;ROLAMENTO DISTRIBUIÇÃO;0;;
50;1604.7;VKM 35017;1604.7;VKM35017;CATEGORIA0;;1;1;0;1;;TENSOR SKF;TENSOR SKF;0;;
50;1604.7;VKM 35020;1604.7;VKM35020;CATEGORIA0;;1;1;0;1;;TENSOR SKF;TENSOR SKF;0;;
50;1604.7;VKM 35022;1604.7;VKM35022;CATEGORIA0;;1;1;0;1;;ROLAMENTO ALTERNADOR;ROLAMENTO ALTERNADOR;0;;
50;1604.7;VKM 35023;1604.7;VKM35023;CATEGORIA0;;1;1;0;1;;TENSOR ALTERNADOR;TENSOR ALTERNADOR;0;;
50;1604.7;VKM 35024;1604.7;VKM35024;CATEGORIA0;;1;1;0;1;;TENSOR SKF;TENSOR SKF;0;;
50;1604.7;VKM 35025;1604.7;VKM35025;CATEGORIA0;;1;1;0;1;;ROLAMENTO ALTERNADOR;ROLAMENTO ALTERNADOR;0;;
50;1604.7;VKM 35041;1604.7;VKM35041;CATEGORIA0;;1;1;0;1;;TENSOR SKF;TENSOR SKF;0;;
50;1604.7;VKM 35210;1604.7;VKM35210;CATEGORIA0;;1;1;0;1;;TENSOR SKF;TENSOR SKF;0;;
50;1604.7;VKM 35212;1604.7;VKM35212;CATEGORIA0;;1;1;0;1;;TENSOR SKF;TENSOR SKF;0;;
50;1604.7;VKM 35216;1604.7;VKM35216;CATEGORIA0;;1;1;0;1;;TENSOR SKF;TENSOR SKF;0;;
50;1604.7;VKM 35260;1604.7;VKM35260;CATEGORIA0;;1;1;0;1;;TENSOR SKF;TENSOR SKF;0;;
50;1604.7;VKM 35311;1604.7;VKM35311;CATEGORIA0;;1;1;0;1;;TENSOR ALTERNADOR;TENSOR ALTERNADOR;0;;
50;1604.7;VKM 35330;1604.7;VKM35330;CATEGORIA0;;1;1;0;1;;TENSOR SKF;TENSOR SKF;0;;
50;1604.7;VKM 35330-1;1604.7;VKM35330-1;CATEGORIA0;;1;1;0;1;;TENSOR SKF;TENSOR SKF;0;;
50;1604.7;VKM 35332;1604.7;VKM35332;CATEGORIA0;;1;1;0;1;;TENSOR SKF;TENSOR SKF;0;;
50;1604.7;VKM 35340;1604.7;VKM35340;CATEGORIA0;;1;1;0;1;;TENSOR SKF;TENSOR SKF;0;;
50;1604.7;VKM 35351;1604.7;VKM35351;CATEGORIA0;;1;1;0;1;;TENSOR SKF;TENSOR SKF;0;;
50;1604.7;VKM 35352;1604.7;VKM35352;CATEGORIA0;;1;1;0;1;;TENSOR SKF;TENSOR SKF;0;;
50;1604.7;VKM 35603;1604.7;VKM35603;CATEGORIA0;;1;1;0;1;;TENSOR SKF;TENSOR SKF;0;;
50;1604.7;VKM 36001;1604.7;VKM36001;CATEGORIA0;;1;1;0;1;;ROLAMENTO ALTERNADOR;ROLAMENTO ALTERNADOR;0;;
50;1604.7;VKM 36004;1604.7;VKM36004;CATEGORIA0;;1;1;0;1;;TENSOR SKF;TENSOR SKF;0;;
50;1604.7;VKM 36005;1604.7;VKM36005;CATEGORIA0;;1;1;0;1;;TENSOR SKF;TENSOR SKF;0;;
50;1604.7;VKM 36006;1604.7;VKM36006;CATEGORIA0;;1;1;0;1;;TENSOR SKF;TENSOR SKF;0;;
50;1604.7;VKM 36007;1604.7;VKM36007;CATEGORIA0;;1;1;0;1;;TENSOR SKF;TENSOR SKF;0;;
50;1604.7;VKM 36011;1604.7;VKM36011;CATEGORIA0;;1;1;0;1;;ROLAMENTO ALTERNADOR *;ROLAMENTO ALTERNADOR *;0;;
50;1604.7;VKM 36013;1604.7;VKM36013;CATEGORIA0;;1;1;0;1;;TENSOR SKF;TENSOR SKF;0;;
50;1604.7;VKM 36016;1604.7;VKM36016;CATEGORIA0;;1;1;0;1;;ROLAMENTO ALTERNADOR;ROLAMENTO ALTERNADOR;0;;
50;1604.7;VKM 36017;1604.7;VKM36017;CATEGORIA0;;1;1;0;1;;ROLAMENTO ALTERNADOR;ROLAMENTO ALTERNADOR;0;;
50;1604.7;VKM 36019;1604.7;VKM36019;CATEGORIA0;;1;1;0;1;;TENSOR SKF;TENSOR SKF;0;;
50;1604.7;VKM 36020;1604.7;VKM36020;CATEGORIA0;;1;1;0;1;;ROLAMENTO ALTERNADOR;ROLAMENTO ALTERNADOR;0;;
50;1604.7;VKM 36022;1604.7;VKM36022;CATEGORIA0;;1;1;0;1;;ROLAMENTO ALTERNADOR;ROLAMENTO ALTERNADOR;0;;
50;1604.7;VKM 36023;1604.7;VKM36023;CATEGORIA0;;1;1;0;1;;ROLAMENTO ALTERNADOR;ROLAMENTO ALTERNADOR;0;;
50;1604.7;VKM 36025;1604.7;VKM36025;CATEGORIA0;;1;1;0;1;;TENSOR SKF;TENSOR SKF;0;;
50;1604.7;VKM 36026;1604.7;VKM36026;CATEGORIA0;;1;1;0;1;;ROLAMENTO ALTERNADOR;ROLAMENTO ALTERNADOR;0;;
50;1604.7;VKM 36030;1604.7;VKM36030;CATEGORIA0;;1;1;0;1;;TENSOR SKF;TENSOR SKF;0;;
50;1604.7;VKM 36031;1604.7;VKM36031;CATEGORIA0;;1;1;0;1;;ROLAMENTO DISTRIBUIÇÃO;ROLAMENTO DISTRIBUIÇÃO;0;;
50;1604.7;VKM 36032;1604.7;VKM36032;CATEGORIA0;;1;1;0;1;;TENSOR SKF;TENSOR SKF;0;;
50;1604.7;VKM 36035;1604.7;VKM36035;CATEGORIA0;;1;1;0;1;;TENSOR SKF;TENSOR SKF;0;;
50;1604.7;VKM 36038;1604.7;VKM36038;CATEGORIA0;;1;1;0;1;;TENSOR SKF;TENSOR SKF;0;;
50;1604.7;VKM 36040;1604.7;VKM36040;CATEGORIA0;;1;1;0;1;;ROLAMENTO DISTRIBUIÇÃO;ROLAMENTO DISTRIBUIÇÃO;0;;
50;1604.7;VKM 36041;1604.7;VKM36041;CATEGORIA0;;1;1;0;1;;TENSOR ALTERNADOR;TENSOR ALTERNADOR;0;;
50;1604.7;VKM 36050;1604.7;VKM36050;CATEGORIA0;;1;1;0;1;;TENSOR ALTERNADOR;TENSOR ALTERNADOR;0;;
50;1604.7;VKM 36052;1604.7;VKM36052;CATEGORIA0;;1;1;0;1;;TENSOR SKF;TENSOR SKF;0;;
50;1604.7;VKM 36053;1604.7;VKM36053;CATEGORIA0;;1;1;0;1;;TENSOR SKF;TENSOR SKF;0;;
50;1604.7;VKM 36055;1604.7;VKM36055;CATEGORIA0;;1;1;0;1;;TENSOR ALTERNADOR;TENSOR ALTERNADOR;0;;
50;1604.7;VKM 36056;1604.7;VKM36056;CATEGORIA0;;1;1;0;1;;ROLAMENTO DISTRIBUIÇÃO;ROLAMENTO DISTRIBUIÇÃO;0;;
50;1604.7;VKM 36058;1604.7;VKM36058;CATEGORIA0;;1;1;0;1;;TENSOR SKF;TENSOR SKF;0;;
50;1604.7;VKM 36061;1604.7;VKM36061;CATEGORIA0;;1;1;0;1;;TENSOR SKF;TENSOR SKF;0;;
50;1604.7;VKM 36064;1604.7;VKM36064;CATEGORIA0;;1;1;0;1;;TENSOR SKF;TENSOR SKF;0;;
50;1604.7;VKM 36069;1604.7;VKM36069;CATEGORIA0;;1;1;0;1;;TENSOR SKF;TENSOR SKF;0;;
50;1604.7;VKM 36070;1604.7;VKM36070;CATEGORIA0;;1;1;0;1;;TENSOR SKF;TENSOR SKF;0;;
50;1604.7;VKM 36071;1604.7;VKM36071;CATEGORIA0;;1;1;0;1;;TENSOR;TENSOR;0;;
50;1604.7;VKM 36072;1604.7;VKM36072;CATEGORIA0;;1;1;0;1;;TENSOR SKF;TENSOR SKF;0;;
50;1604.7;VKM 36079;1604.7;VKM36079;CATEGORIA0;;1;1;0;1;;TENSOR SKF;TENSOR SKF;0;;
50;1604.7;VKM 36080;1604.7;VKM36080;CATEGORIA0;;1;1;0;1;;TENSOR SKF;TENSOR SKF;0;;
50;1604.7;VKM 36086;1604.7;VKM36086;CATEGORIA0;;1;1;0;1;;TENSOR SKF;TENSOR SKF;0;;
50;1604.7;VKM 36087;1604.7;VKM36087;CATEGORIA0;;1;1;0;1;;TENSOR SKF;TENSOR SKF;0;;
50;1604.7;VKM 36091;1604.7;VKM36091;CATEGORIA0;;1;1;0;1;;TENSOR ALTERNADOR;TENSOR ALTERNADOR;0;;
50;1604.7;VKM 36100;1604.7;VKM36100;CATEGORIA0;;1;1;0;1;;TENSOR SKF;TENSOR SKF;0;;
50;1604.7;VKM 36110;1604.7;VKM36110;CATEGORIA0;;1;1;0;1;;TENSOR SKF;TENSOR SKF;0;;
50;1604.7;VKM 36111;1604.7;VKM36111;CATEGORIA0;;1;1;0;1;;TENSOR SKF;TENSOR SKF;0;;
50;1604.7;VKM 36122;1604.7;VKM36122;CATEGORIA0;;1;1;0;1;;TENSOR SKF;TENSOR SKF;0;;
50;1604.7;VKM 36124;1604.7;VKM36124;CATEGORIA0;;1;1;0;1;;TENSOR SKF;TENSOR SKF;0;;
50;1604.7;VKM 36136;1604.7;VKM36136;CATEGORIA0;;1;1;0;1;;ROLAMENTO DISTRIBUIÇÃO;ROLAMENTO DISTRIBUIÇÃO;0;;
50;1604.7;VKM 36138;1604.7;VKM36138;CATEGORIA0;;1;1;0;1;;TENSOR SKF;TENSOR SKF;0;;
50;1604.7;VKM 36146;1604.7;VKM36146;CATEGORIA0;;1;1;0;1;;TENSOR , CORREIA TRAPAZOIDAL ESTRIADA;TENSOR , CORREIA TRAPAZOIDAL ESTRIADA;0;;
50;1604.7;VKM 36201;1604.7;VKM36201;CATEGORIA0;;1;1;0;1;;TENSOR SKF;TENSOR SKF;0;;
50;1604.7;VKM 36220;1604.7;VKM36220;CATEGORIA0;;1;1;0;1;;TENSOR SKF;TENSOR SKF;0;;
50;1604.7;VKM 36221;1604.7;VKM36221;CATEGORIA0;;1;1;0;1;;TENSOR SKF;TENSOR SKF;0;;
50;1604.7;VKM 36222;1604.7;VKM36222;CATEGORIA0;;1;1;0;1;;TENSOR SKF;TENSOR SKF;0;;
50;1604.7;VKM 36230;1604.7;VKM36230;CATEGORIA0;;1;1;0;1;;ROLAMENTO DISTRIBUIÇÃO;ROLAMENTO DISTRIBUIÇÃO;0;;
50;1604.7;VKM 36236;1604.7;VKM36236;CATEGORIA0;;1;1;0;1;;TENSOR SKF;TENSOR SKF;0;;
50;1604.7;VKM 36238;1604.7;VKM36238;CATEGORIA0;;1;1;0;1;;TENSOR SKF;TENSOR SKF;0;;
50;1604.7;VKM 36240;1604.7;VKM36240;CATEGORIA0;;1;1;0;1;;TENSOR SKF;TENSOR SKF;0;;
50;1604.7;VKM 36241;1604.7;VKM36241;CATEGORIA0;;1;1;0;1;;TENSOR SKF;TENSOR SKF;0;;
50;1604.7;VKM 36242;1604.7;VKM36242;CATEGORIA0;;1;1;0;1;;TENSOR SKF;TENSOR SKF;0;;
50;1604.7;VKM 36243;1604.7;VKM36243;CATEGORIA0;;1;1;0;1;;TENSOR SKF;TENSOR SKF;0;;
50;1604.7;VKM 36244;1604.7;VKM36244;CATEGORIA0;;1;1;0;1;;TENSOR SKF;TENSOR SKF;0;;
50;1604.7;VKM 36247;1604.7;VKM36247;CATEGORIA0;;1;1;0;1;;TENSOR SKF;TENSOR SKF;0;;
50;1604.7;VKM 36250;1604.7;VKM36250;CATEGORIA0;;1;1;0;1;;TENSOR SKF;TENSOR SKF;0;;
50;1604.7;VKM 36251;1604.7;VKM36251;CATEGORIA0;;1;1;0;1;;TENSOR SKF;TENSOR SKF;0;;
50;1604.7;VKM 36252;1604.7;VKM36252;CATEGORIA0;;1;1;0;1;;TENSOR SKF;TENSOR SKF;0;;
50;1604.7;VKM 36500;1604.7;VKM36500;CATEGORIA0;;1;1;0;1;;TENSOR SKF;TENSOR SKF;0;;
50;1604.7;VKM 36530;1604.7;VKM36530;CATEGORIA0;;1;1;0;1;;TENSOR SKF;TENSOR SKF;0;;
50;1604.7;VKM 37002;1604.7;VKM37002;CATEGORIA0;;1;1;0;1;;ROLAMENTO ALTERNADOR;ROLAMENTO ALTERNADOR;0;;
50;1604.7;VKM 37005;1604.7;VKM37005;CATEGORIA0;;1;1;0;1;;ROLAMENTO DISTRIBUIÇÃO;ROLAMENTO DISTRIBUIÇÃO;0;;
50;1604.7;VKM 37015;1604.7;VKM37015;CATEGORIA0;;1;1;0;1;;TENSOR SKF;TENSOR SKF;0;;
50;1604.7;VKM 37023;1604.7;VKM37023;CATEGORIA0;;1;1;0;1;;TENSOR SKF;TENSOR SKF;0;;
50;1604.7;VKM 37040;1604.7;VKM37040;CATEGORIA0;;1;1;0;1;;TENSOR SKF;TENSOR SKF;0;;
50;1604.7;VKM 37050;1604.7;VKM37050;CATEGORIA0;;1;1;0;1;;TENSOR SKF;TENSOR SKF;0;;
50;1604.7;VKM 37050-1;1604.7;VKM37050-1;CATEGORIA0;;1;1;0;1;;TENSOR SKF;TENSOR SKF;0;;
50;1604.7;VKM 37420;1604.7;VKM37420;CATEGORIA0;;1;1;0;1;;ROL. ALTERNADOR;ROL. ALTERNADOR;0;;
50;1604.7;VKM 38001;1604.7;VKM38001;CATEGORIA0;;1;1;0;1;;ROL. ALTERNADOR;ROL. ALTERNADOR;0;;
50;1604.7;VKM 38003;1604.7;VKM38003;CATEGORIA0;;1;1;0;1;;TENSOR DISTRIBUIÇÃO;TENSOR DISTRIBUIÇÃO;0;;
50;1604.7;VKM 38004;1604.7;VKM38004;CATEGORIA0;;1;1;0;1;;TENSOR SKF;TENSOR SKF;0;;
50;1604.7;VKM 38007;1604.7;VKM38007;CATEGORIA0;;1;1;0;1;;TENSOR SKF;TENSOR SKF;0;;
50;1604.7;VKM 38008;1604.7;VKM38008;CATEGORIA0;;1;1;0;1;;TENSOR SKF;TENSOR SKF;0;;
50;1604.7;VKM 38010;1604.7;VKM38010;CATEGORIA0;;1;1;0;1;;ROLAMENTO DISTRIBUIÇÃO;ROLAMENTO DISTRIBUIÇÃO;0;;
50;1604.7;VKM 38011;1604.7;VKM38011;CATEGORIA0;;1;1;0;1;;TENSOR SKF;TENSOR SKF;0;;
50;1604.7;VKM 38020;1604.7;VKM38020;CATEGORIA0;;1;1;0;1;;TENSOR ALTERNADO;TENSOR ALTERNADO;0;;
50;1604.7;VKM 38022;1604.7;VKM38022;CATEGORIA0;;1;1;0;1;;TENSOR SKF;TENSOR SKF;0;;
50;1604.7;VKM 38023;1604.7;VKM38023;CATEGORIA0;;1;1;0;1;;ROLAMENTO DISTRIBUIÇÃO;ROLAMENTO DISTRIBUIÇÃO;0;;
50;1604.7;VKM 38026;1604.7;VKM38026;CATEGORIA0;;1;1;0;1;;TENSOR SKF;TENSOR SKF;0;;
50;1604.7;VKM 38027;1604.7;VKM38027;CATEGORIA0;;1;1;0;1;;TENSOR SKF;TENSOR SKF;0;;
50;1604.7;VKM 38045;1604.7;VKM38045;CATEGORIA0;;1;1;0;1;;TENSOR SKF;TENSOR SKF;0;;
50;1604.7;VKM 38050;1604.7;VKM38050;CATEGORIA0;;1;1;0;1;;TENSOR SKF;TENSOR SKF;0;;
50;1604.7;VKM 38051;1604.7;VKM38051;CATEGORIA0;;1;1;0;1;;TENSOR SKF;TENSOR SKF;0;;
50;1604.7;VKM 38053;1604.7;VKM38053;CATEGORIA0;;1;1;0;1;;TENSOR SKF;TENSOR SKF;0;;
50;1604.7;VKM 38062;1604.7;VKM38062;CATEGORIA0;;1;1;0;1;;TENSOR SKF;TENSOR SKF;0;;
50;1604.7;VKM 38069;1604.7;VKM38069;CATEGORIA0;;1;1;0;1;;TENSOR SKF;TENSOR SKF;0;;
50;1604.7;VKM 38070;1604.7;VKM38070;CATEGORIA0;;1;1;0;1;;TENSOR SKF;TENSOR SKF;0;;
50;1604.7;VKM 38071;1604.7;VKM38071;CATEGORIA0;;1;1;0;1;;POLIE CORREIA;POLIE CORREIA;0;;
50;1604.7;VKM 38072;1604.7;VKM38072;CATEGORIA0;;1;1;0;1;;TENSOR SKF;TENSOR SKF;0;;
50;1604.7;VKM 38073;1604.7;VKM38073;CATEGORIA0;;1;1;0;1;;TENSOR SKF;TENSOR SKF;0;;
50;1604.7;VKM 38075;1604.7;VKM38075;CATEGORIA0;;1;1;0;1;;TENSOR SKF;TENSOR SKF;0;;
50;1604.7;VKM 38076;1604.7;VKM38076;CATEGORIA0;;1;1;0;1;;TENSOR SKF;TENSOR SKF;0;;
50;1604.7;VKM 38077;1604.7;VKM38077;CATEGORIA0;;1;1;0;1;;TENSOR SKF;TENSOR SKF;0;;
50;1604.7;VKM 38078;1604.7;VKM38078;CATEGORIA0;;1;1;0;1;;TENSOR SKF;TENSOR SKF;0;;
50;1604.7;VKM 38079;1604.7;VKM38079;CATEGORIA0;;1;1;0;1;;TENSOR SKF;TENSOR SKF;0;;
50;1604.7;VKM 38088;1604.7;VKM38088;CATEGORIA0;;1;1;0;1;;TENSOR SKF;TENSOR SKF;0;;
50;1604.7;VKM 38089;1604.7;VKM38089;CATEGORIA0;;1;1;0;1;;TENSOR SKF;TENSOR SKF;0;;
50;1604.7;VKM 38120;1604.7;VKM38120;CATEGORIA0;;1;1;0;1;;TENSOR SKF;TENSOR SKF;0;;
50;1604.7;VKM 38122;1604.7;VKM38122;CATEGORIA0;;1;1;0;1;;TENSOR SKF;TENSOR SKF;0;;
50;1604.7;VKM 38123;1604.7;VKM38123;CATEGORIA0;;1;1;0;1;;TENSOR SKF;TENSOR SKF;0;;
50;1604.7;VKM 38125;1604.7;VKM38125;CATEGORIA0;;1;1;0;1;;TENSOR SKF;TENSOR SKF;0;;
50;1604.7;VKM 38127;1604.7;VKM38127;CATEGORIA0;;1;1;0;1;;TENSOR SKF;TENSOR SKF;0;;
50;1604.7;VKM 38128;1604.7;VKM38128;CATEGORIA0;;1;1;0;1;;TENSOR SKF;TENSOR SKF;0;;
50;1604.7;VKM 38129;1604.7;VKM38129;CATEGORIA0;;1;1;0;1;;TENSOR SKF;TENSOR SKF;0;;
50;1604.7;VKM 38130;1604.7;VKM38130;CATEGORIA0;;1;1;0;1;;TENSOR SKF;TENSOR SKF;0;;
50;1604.7;VKM 38131;1604.7;VKM38131;CATEGORIA0;;1;1;0;1;;TENSOR SKF;TENSOR SKF;0;;
50;1604.7;VKM 38132;1604.7;VKM38132;CATEGORIA0;;1;1;0;1;;TENSOR SKF;TENSOR SKF;0;;
50;1604.7;VKM 38201;1604.7;VKM38201;CATEGORIA0;;1;1;0;1;;TENSOR SKF;TENSOR SKF;0;;
50;1604.7;VKM 38202;1604.7;VKM38202;CATEGORIA0;;1;1;0;1;;TENSOR SKF;TENSOR SKF;0;;
50;1604.7;VKM 38205;1604.7;VKM38205;CATEGORIA0;;1;1;0;1;;ROLAMENTO DISTRIBUIÇÃO;ROLAMENTO DISTRIBUIÇÃO;0;;
50;1604.7;VKM 38206;1604.7;VKM38206;CATEGORIA0;;1;1;0;1;;TENSOR SKF;TENSOR SKF;0;;
50;1604.7;VKM 38207;1604.7;VKM38207;CATEGORIA0;;1;1;0;1;;TENSOR SKF;TENSOR SKF;0;;
50;1604.7;VKM 38208;1604.7;VKM38208;CATEGORIA0;;1;1;0;1;;TENSOR SKF;TENSOR SKF;0;;
50;1604.7;VKM 38209;1604.7;VKM38209;CATEGORIA0;;1;1;0;1;;TENSOR SKF;TENSOR SKF;0;;
50;1604.7;VKM 38212;1604.7;VKM38212;CATEGORIA0;;1;1;0;1;;TENSOR SKF;TENSOR SKF;0;;
50;1604.7;VKM 38213;1604.7;VKM38213;CATEGORIA0;;1;1;0;1;;TENSOR SKF;TENSOR SKF;0;;
50;1604.7;VKM 38214;1604.7;VKM38214;CATEGORIA0;;1;1;0;1;;TENSOR SKF;TENSOR SKF;0;;
50;1604.7;VKM 38219;1604.7;VKM38219;CATEGORIA0;;1;1;0;1;;TENSOR SKF;TENSOR SKF;0;;
50;1604.7;VKM 38220;1604.7;VKM38220;CATEGORIA0;;1;1;0;1;;ROLAMENTO DISTRIBUIÇÃO;ROLAMENTO DISTRIBUIÇÃO;0;;
50;1604.7;VKM 38221;1604.7;VKM38221;CATEGORIA0;;1;1;0;1;;TENSOR SKF;TENSOR SKF;0;;
50;1604.7;VKM 38222;1604.7;VKM38222;CATEGORIA0;;1;1;0;1;;TENSOR;TENSOR;0;;
50;1604.7;VKM 38224;1604.7;VKM38224;CATEGORIA0;;1;1;0;1;;TENSOR SKF;TENSOR SKF;0;;
50;1604.7;VKM 38225;1604.7;VKM38225;CATEGORIA0;;1;1;0;1;;ROLAMENTO DISTRIBUIÇÃO;ROLAMENTO DISTRIBUIÇÃO;0;;
50;1604.7;VKM 38226;1604.7;VKM38226;CATEGORIA0;;1;1;0;1;;TENSOR SKF;TENSOR SKF;0;;
50;1604.7;VKM 38227;1604.7;VKM38227;CATEGORIA0;;1;1;0;1;;TENSOR SKF;TENSOR SKF;0;;
50;1604.7;VKM 38229;1604.7;VKM38229;CATEGORIA0;;1;1;0;1;;TENSOR SKF;TENSOR SKF;0;;
50;1604.7;VKM 38231;1604.7;VKM38231;CATEGORIA0;;1;1;0;1;;TENSOR SKF;TENSOR SKF;0;;
50;1604.7;VKM 38232;1604.7;VKM38232;CATEGORIA0;;1;1;0;1;;ROLAMENTO DISTRIBUIÇÃO;ROLAMENTO DISTRIBUIÇÃO;0;;
50;1604.7;VKM 38236;1604.7;VKM38236;CATEGORIA0;;1;1;0;1;;TENSOR SKF;TENSOR SKF;0;;
50;1604.7;VKM 38237;1604.7;VKM38237;CATEGORIA0;;1;1;0;1;;TENSOR SKF;TENSOR SKF;0;;
50;1604.7;VKM 38238;1604.7;VKM38238;CATEGORIA0;;1;1;0;1;;TENSOR DISTRIBUIÇÃO;TENSOR DISTRIBUIÇÃO;0;;
50;1604.7;VKM 38239;1604.7;VKM38239;CATEGORIA0;;1;1;0;1;;TENSOR SKF;TENSOR SKF;0;;
50;1604.7;VKM 38240;1604.7;VKM38240;CATEGORIA0;;1;1;0;1;;ROLAMENTO DISTRIBUIÇÃO;ROLAMENTO DISTRIBUIÇÃO;0;;
50;1604.7;VKM 38241;1604.7;VKM38241;CATEGORIA0;;1;1;0;1;;ROLAMENTO DISTRIBUIÇÃO;ROLAMENTO DISTRIBUIÇÃO;0;;
50;1604.7;VKM 38242;1604.7;VKM38242;CATEGORIA0;;1;1;0;1;;TENSOR SKF;TENSOR SKF;0;;
50;1604.7;VKM 38245;1604.7;VKM38245;CATEGORIA0;;1;1;0;1;;TENSOR SKF;TENSOR SKF;0;;
50;1604.7;VKM 38250;1604.7;VKM38250;CATEGORIA0;;1;1;0;1;;ROLAMENTO DISTRIBUIÇÃO;ROLAMENTO DISTRIBUIÇÃO;0;;
50;1604.7;VKM 38251;1604.7;VKM38251;CATEGORIA0;;1;1;0;1;;TENSOR SKF;TENSOR SKF;0;;
50;1604.7;VKM 38263;1604.7;VKM38263;CATEGORIA0;;1;1;0;1;;TENSOR SKF;TENSOR SKF;0;;
50;1604.7;VKM 38264;1604.7;VKM38264;CATEGORIA0;;1;1;0;1;;TENSOR SKF;TENSOR SKF;0;;
50;1604.7;VKM 38267;1604.7;VKM38267;CATEGORIA0;;1;1;0;1;;TENSOR SKF;TENSOR SKF;0;;
50;1604.7;VKM 38269;1604.7;VKM38269;CATEGORIA0;;1;1;0;1;;TENSOR SKF;TENSOR SKF;0;;
50;1604.7;VKM 38300;1604.7;VKM38300;CATEGORIA0;;1;1;0;1;;TENSOR SKF;TENSOR SKF;0;;
50;1604.7;VKM 38301;1604.7;VKM38301;CATEGORIA0;;1;1;0;1;;TENSOR SKF;TENSOR SKF;0;;
50;1604.7;VKM 38302;1604.7;VKM38302;CATEGORIA0;;1;1;0;1;;TENSOR SKF;TENSOR SKF;0;;
50;1604.7;VKM 38303;1604.7;VKM38303;CATEGORIA0;;1;1;0;1;;TENSOR SKF;TENSOR SKF;0;;
50;1604.7;VKM 38304;1604.7;VKM38304;CATEGORIA0;;1;1;0;1;;TENSOR SKF;TENSOR SKF;0;;
50;1604.7;VKM 38306;1604.7;VKM38306;CATEGORIA0;;1;1;0;1;;TENSOR SKF;TENSOR SKF;0;;
50;1604.7;VKM 38310;1604.7;VKM38310;CATEGORIA0;;1;1;0;1;;TENSOR SKF;TENSOR SKF;0;;